{"format": "graph-model", "generatedBy": "2.19.0", "convertedBy": "TensorFlow.js Converter v4.22.0", "signature": {"inputs": {"keras_tensor": {"name": "keras_tensor:0", "dtype": "DT_FLOAT", "tensorShape": {"dim": [{"size": "-1"}, {"size": "5"}]}}}, "outputs": {"output_0": {"name": "Identity:0", "dtype": "DT_FLOAT", "tensorShape": {"dim": [{"size": "-1"}, {"size": "1"}]}}}}, "modelTopology": {"node": [{"name": "StatefulPartitionedCall/sequential_1/dense_1/Cast/ReadVariableOp", "op": "Const", "attr": {"value": {"tensor": {"dtype": "DT_FLOAT", "tensorShape": {"dim": [{"size": "5"}, {"size": "250"}]}}}, "dtype": {"type": "DT_FLOAT"}}}, {"name": "StatefulPartitionedCall/sequential_1/dense_1/BiasAdd/ReadVariableOp", "op": "Const", "attr": {"value": {"tensor": {"dtype": "DT_FLOAT", "tensorShape": {"dim": [{"size": "250"}]}}}, "dtype": {"type": "DT_FLOAT"}}}, {"name": "StatefulPartitionedCall/sequential_1/batch_normalization_1/batchnorm/mul", "op": "Const", "attr": {"value": {"tensor": {"dtype": "DT_FLOAT", "tensorShape": {"dim": [{"size": "250"}]}}}, "dtype": {"type": "DT_FLOAT"}}}, {"name": "StatefulPartitionedCall/sequential_1/batch_normalization_1/batchnorm/sub", "op": "Const", "attr": {"value": {"tensor": {"dtype": "DT_FLOAT", "tensorShape": {"dim": [{"size": "250"}]}}}, "dtype": {"type": "DT_FLOAT"}}}, {"name": "StatefulPartitionedCall/sequential_1/dense_1_2/Cast/ReadVariableOp", "op": "Const", "attr": {"value": {"tensor": {"dtype": "DT_FLOAT", "tensorShape": {"dim": [{"size": "250"}, {"size": "64"}]}}}, "dtype": {"type": "DT_FLOAT"}}}, {"name": "StatefulPartitionedCall/sequential_1/dense_1_2/BiasAdd/ReadVariableOp", "op": "Const", "attr": {"value": {"tensor": {"dtype": "DT_FLOAT", "tensorShape": {"dim": [{"size": "64"}]}}}, "dtype": {"type": "DT_FLOAT"}}}, {"name": "StatefulPartitionedCall/sequential_1/dense_2_1/Cast/ReadVariableOp", "op": "Const", "attr": {"value": {"tensor": {"dtype": "DT_FLOAT", "tensorShape": {"dim": [{"size": "64"}, {"size": "32"}]}}}, "dtype": {"type": "DT_FLOAT"}}}, {"name": "StatefulPartitionedCall/sequential_1/dense_2_1/BiasAdd/ReadVariableOp", "op": "Const", "attr": {"value": {"tensor": {"dtype": "DT_FLOAT", "tensorShape": {"dim": [{"size": "32"}]}}}, "dtype": {"type": "DT_FLOAT"}}}, {"name": "StatefulPartitionedCall/sequential_1/dense_3_1/Cast/ReadVariableOp", "op": "Const", "attr": {"value": {"tensor": {"dtype": "DT_FLOAT", "tensorShape": {"dim": [{"size": "32"}, {"size": "1"}]}}}, "dtype": {"type": "DT_FLOAT"}}}, {"name": "StatefulPartitionedCall/sequential_1/dense_3_1/Add/ReadVariableOp", "op": "Const", "attr": {"value": {"tensor": {"dtype": "DT_FLOAT", "tensorShape": {"dim": [{"size": "1"}]}}}, "dtype": {"type": "DT_FLOAT"}}}, {"name": "keras_tensor", "op": "Placeholder", "attr": {"shape": {"shape": {"dim": [{"size": "-1"}, {"size": "5"}]}}, "dtype": {"type": "DT_FLOAT"}}}, {"name": "StatefulPartitionedCall/sequential_1/dense_1/Relu", "op": "_FusedMatMul", "input": ["keras_tensor", "StatefulPartitionedCall/sequential_1/dense_1/Cast/ReadVariableOp", "StatefulPartitionedCall/sequential_1/dense_1/BiasAdd/ReadVariableOp"], "device": "/device:CPU:0", "attr": {"transpose_a": {"b": false}, "transpose_b": {"b": false}, "fused_ops": {"list": {"s": ["Qmlhc0FkZA==", "UmVsdQ=="]}}, "num_args": {"i": "1"}, "leakyrelu_alpha": {"f": 0.2}, "epsilon": {"f": 0.0}, "T": {"type": "DT_FLOAT"}}}, {"name": "StatefulPartitionedCall/sequential_1/batch_normalization_1/batchnorm/mul_1", "op": "Mul", "input": ["StatefulPartitionedCall/sequential_1/dense_1/Relu", "StatefulPartitionedCall/sequential_1/batch_normalization_1/batchnorm/mul"], "attr": {"T": {"type": "DT_FLOAT"}}}, {"name": "StatefulPartitionedCall/sequential_1/batch_normalization_1/batchnorm/add_1", "op": "AddV2", "input": ["StatefulPartitionedCall/sequential_1/batch_normalization_1/batchnorm/mul_1", "StatefulPartitionedCall/sequential_1/batch_normalization_1/batchnorm/sub"], "attr": {"T": {"type": "DT_FLOAT"}}}, {"name": "StatefulPartitionedCall/sequential_1/dense_1_2/Relu", "op": "_FusedMatMul", "input": ["StatefulPartitionedCall/sequential_1/batch_normalization_1/batchnorm/add_1", "StatefulPartitionedCall/sequential_1/dense_1_2/Cast/ReadVariableOp", "StatefulPartitionedCall/sequential_1/dense_1_2/BiasAdd/ReadVariableOp"], "device": "/device:CPU:0", "attr": {"transpose_a": {"b": false}, "transpose_b": {"b": false}, "fused_ops": {"list": {"s": ["Qmlhc0FkZA==", "UmVsdQ=="]}}, "num_args": {"i": "1"}, "leakyrelu_alpha": {"f": 0.2}, "epsilon": {"f": 0.0}, "T": {"type": "DT_FLOAT"}}}, {"name": "StatefulPartitionedCall/sequential_1/dense_2_1/Relu", "op": "_FusedMatMul", "input": ["StatefulPartitionedCall/sequential_1/dense_1_2/Relu", "StatefulPartitionedCall/sequential_1/dense_2_1/Cast/ReadVariableOp", "StatefulPartitionedCall/sequential_1/dense_2_1/BiasAdd/ReadVariableOp"], "device": "/device:CPU:0", "attr": {"transpose_a": {"b": false}, "transpose_b": {"b": false}, "fused_ops": {"list": {"s": ["Qmlhc0FkZA==", "UmVsdQ=="]}}, "num_args": {"i": "1"}, "leakyrelu_alpha": {"f": 0.2}, "epsilon": {"f": 0.0}, "T": {"type": "DT_FLOAT"}}}, {"name": "StatefulPartitionedCall/sequential_1/dense_3_1/Add", "op": "_FusedMatMul", "input": ["StatefulPartitionedCall/sequential_1/dense_2_1/Relu", "StatefulPartitionedCall/sequential_1/dense_3_1/Cast/ReadVariableOp", "StatefulPartitionedCall/sequential_1/dense_3_1/Add/ReadVariableOp"], "device": "/device:CPU:0", "attr": {"transpose_a": {"b": false}, "transpose_b": {"b": false}, "fused_ops": {"list": {"s": ["Qmlhc0FkZA=="]}}, "leakyrelu_alpha": {"f": 0.2}, "num_args": {"i": "1"}, "epsilon": {"f": 0.0}, "T": {"type": "DT_FLOAT"}}}, {"name": "StatefulPartitionedCall/sequential_1/dense_3_1/Sigmoid", "op": "Sigmoid", "input": ["StatefulPartitionedCall/sequential_1/dense_3_1/Add"], "attr": {"T": {"type": "DT_FLOAT"}}}, {"name": "Identity", "op": "Identity", "input": ["StatefulPartitionedCall/sequential_1/dense_3_1/Sigmoid"], "attr": {"T": {"type": "DT_FLOAT"}}}], "library": {}, "versions": {"producer": 2129}}, "weightsManifest": [{"paths": ["group1-shard1of1.bin"], "weights": [{"name": "StatefulPartitionedCall/sequential_1/dense_1/Cast/ReadVariableOp", "shape": [5, 250], "dtype": "float32"}, {"name": "StatefulPartitionedCall/sequential_1/dense_1/BiasAdd/ReadVariableOp", "shape": [250], "dtype": "float32"}, {"name": "StatefulPartitionedCall/sequential_1/batch_normalization_1/batchnorm/mul", "shape": [250], "dtype": "float32"}, {"name": "StatefulPartitionedCall/sequential_1/batch_normalization_1/batchnorm/sub", "shape": [250], "dtype": "float32"}, {"name": "StatefulPartitionedCall/sequential_1/dense_1_2/Cast/ReadVariableOp", "shape": [250, 64], "dtype": "float32"}, {"name": "StatefulPartitionedCall/sequential_1/dense_1_2/BiasAdd/ReadVariableOp", "shape": [64], "dtype": "float32"}, {"name": "StatefulPartitionedCall/sequential_1/dense_2_1/Cast/ReadVariableOp", "shape": [64, 32], "dtype": "float32"}, {"name": "StatefulPartitionedCall/sequential_1/dense_2_1/BiasAdd/ReadVariableOp", "shape": [32], "dtype": "float32"}, {"name": "StatefulPartitionedCall/sequential_1/dense_3_1/Cast/ReadVariableOp", "shape": [32, 1], "dtype": "float32"}, {"name": "StatefulPartitionedCall/sequential_1/dense_3_1/Add/ReadVariableOp", "shape": [1], "dtype": "float32"}]}]}