koi_disposition,koi_period,koi_depth,koi_duration,koi_ror,koi_model_snr
CANDIDATE,19.89913995,10829.0,1.7822,0.154046,76.3
CANDIDATE,40.4195037,6256.0,3.362,0.088069,36.9
CANDIDATE,7.2406612,556.4,0.558,0.232818,13.7
CANDIDATE,3.43591631,23.2,3.133,0.004612,8.7
CANDIDATE,10.181584004,5741.1,3.5089,0.084708,183.6
CANDIDATE,19.620346923,21725.0,2.0038,0.137595,340.5
CANDIDATE,34.84398644,4523.6,2.9315,0.080046,76.8
CANDIDATE,4.64090031,2450.6,35.512,0.333559,296.9
CANDIDATE,1.028436523,8098.0,1.8606,0.673134,89.6
CANDIDATE,235.9986399,20715.0,8.2284,0.14756,271.8
CANDIDATE,39.74893077,15179.0,7.3051,0.134949,561.1
CANDIDATE,13.61014819,5732.9,2.594,0.192842,184.1
CANDIDATE,119.0207044,7430.5,8.1405,0.077431,223.5
CANDIDATE,12.940668656,42450.0,2.4845,0.259639,307.5
CANDIDATE,2.688899233,37492.0,2.11275,0.172543,1011.6
CANDIDATE,12.732624065,6465.7,2.2083,0.082519,210.5
CANDIDATE,83.92494032,7958.7,6.7904,0.086015,182.1
CANDIDATE,3.886655224,581.6,3.1646,0.023262,48.1
CANDIDATE,2.494170338,863.7,1.1221,0.026777,69.2
CANDIDATE,39.4759093,1012.6,2.968,0.036074,26.6
CANDIDATE,9.61731426,234.0,3.8692,0.01416,18.2
CANDIDATE,90.1240507,3020.3,11.649,0.053684,57.9
CANDIDATE,856.672115,858.1,23.144,0.027062,39.2
CANDIDATE,0.689210173,195.0,1.6169,0.012649,93.4
CANDIDATE,3.9886021,673.5,1.7376,0.023067,37.1
CANDIDATE,0.533059312,1495.8,1.8621,0.301918,179.6
CANDIDATE,129995.7784,1474.9,9.408,0.037707,35.7
CANDIDATE,13.118962443,372.2,4.3045,0.017826,267.4
CANDIDATE,7.82187328,42.2,3.8417,0.006005,37.2
CANDIDATE,53.5057611,195.6,10.5616,0.013111,71.2
CANDIDATE,13.4471791,1428.2,3.0454,0.046114,105.3
CANDIDATE,7.37290344,205.2,2.172,0.022864,19.1
CANDIDATE,119.0624882,5372.3,3.1188,0.103475,71.6
CANDIDATE,14.8623076,840.0,3.161,0.025982,14.4
CANDIDATE,16.15811112,2319.8,6.049,0.902495,52.8
CANDIDATE,1295.362215,8708.0,28.297,0.505204,164.0
CANDIDATE,4.2989201,237.6,2.747,0.019694,20.0
CANDIDATE,5.714817603,12295.0,3.14126,0.101045,537.7
CANDIDATE,2.83668931,166.1,3.031,0.011852,12.1
CANDIDATE,1.00861677,23791.335898271922,0.91,0.28364628616454735,259.8950005434192
CANDIDATE,2.624234833,2607.0,1.3874,0.052044,361.1
CANDIDATE,92.77779,359.0,6.64,0.017215,5.2
CANDIDATE,422.917678,1367.7,31.274,0.037343,61.7
CANDIDATE,30.5872153,464.8,5.3698,0.01965,33.1
CANDIDATE,9.95639775,510.5,5.615,0.244849,32.9
CANDIDATE,31.201692472,34514.0,2.15663,0.169571,607.4
CANDIDATE,6.810823723,14447.0,7.98574,0.114797,1441.9
CANDIDATE,51.59809554,5869.2,2.0153,0.070071,79.7
CANDIDATE,1500.0,9592.0,7.109,0.118113,62.5
CANDIDATE,1500.1406772,4129.9,25.727,0.07359,83.3
CANDIDATE,20.51360192,1174.1,3.4769,0.033497,32.3
CANDIDATE,0.783276173,264.7,1.6735,0.014734,46.9
CANDIDATE,3.17405898,282.2,2.3156,0.015521,29.2
CANDIDATE,345.1589354,5087.9,7.5646,0.076581,197.9
CANDIDATE,99.6442783,3215.6,5.1772,0.076417,163.2
CANDIDATE,19.03723442,401.3,3.3882,0.018189,25.3
CANDIDATE,0.576078683,10085.0,1.63253,0.260658,426.0
CANDIDATE,78.9257421,17972.0,7.5193,0.123557,85.2
CANDIDATE,6.84639884,149.7,3.4919,0.013285,36.3
CANDIDATE,12.37679312,23791.335898271922,3.85,0.28364628616454735,259.8950005434192
CANDIDATE,268.9410974,9010.2,5.4434,0.095141,120.4
CANDIDATE,80.9669561,4733.0,2.5276,0.062648,52.0
CANDIDATE,6.80082032,699.9,1.9883,0.025016,25.5
CANDIDATE,54.325574,44.2,9.86,0.00612,7.7
CANDIDATE,20.01959599,23791.335898271922,7.0,0.28364628616454735,259.8950005434192
CANDIDATE,162.0479502,4840.5,9.8974,0.067347,370.2
CANDIDATE,1.694740233,1446.8,1.6864,0.036824,92.3
CANDIDATE,15.068060768,19387.0,3.3011,0.156734,282.8
CANDIDATE,6.247030799,1496.6,1.4848,0.035446,44.8
CANDIDATE,700.00298217,3245.9,7.6525,0.052659,60.3
CANDIDATE,272.0868353,5572.0,2.7145,0.068915,21.5
CANDIDATE,42.0370662,266.8,6.282,0.015824,14.7
CANDIDATE,21.0112068,163.6,4.507,0.013379,10.2
CANDIDATE,8.75059775,881.9,2.8288,0.026678,28.3
CANDIDATE,1.714274727,28460.0,2.06728,0.427965,987.2
CANDIDATE,384.02570682,23791.335898271922,14.56,0.28364628616454735,259.8950005434192
CANDIDATE,3.014330766,975.3,2.4747,0.027625,57.3
CANDIDATE,13.35151248,3308.8,3.6045,0.053942,107.9
CANDIDATE,1693.6636225,9515.3,22.604,0.091785,122.8
CANDIDATE,104.8205868,3920.1,4.4794,0.069522,76.6
CANDIDATE,34.2966363,696.6,19.718,0.025847,66.7
CANDIDATE,31.56904354,4229.4,2.6364,0.102553,113.6
CANDIDATE,0.840594032,49.8,1.404,0.006393,11.6
CANDIDATE,20.6654374,100.4,3.172,0.008896,13.6
CANDIDATE,69.8347983,266.6,8.262,0.01588,46.8
CANDIDATE,2.59488443,592.2,1.684,0.02711,14.9
CANDIDATE,19.18109525,865.4,2.424,0.026864,17.6
CANDIDATE,220.65651253,23791.335898271922,7.82,0.28364628616454735,259.8950005434192
CANDIDATE,11.30507984,278.4,3.989,0.015211,19.5
CANDIDATE,9.9824036,83.9,1.09,0.009376,5.4
CANDIDATE,12.681733929,5879.1,1.6866,0.094651,102.8
CANDIDATE,83.09708021,15860.0,9.2639,0.199089,277.2
CANDIDATE,0.839961456,492.9,1.3008,0.020846,35.1
CANDIDATE,7.136922,221.6,2.8005,0.013676,23.7
CANDIDATE,5.83393857,134.4,4.5813,0.010694,17.6
CANDIDATE,6.33027476,89.2,3.67,0.00871,9.8
CANDIDATE,5.59728249,1407.3,1.795,0.034955,30.8
CANDIDATE,23.3397956,125.1,1.923,0.010418,4.5
CANDIDATE,51.3901452,494.0,5.995,0.025685,15.4
CANDIDATE,186.4361811,4347.0,5.774,0.075675,66.5
CANDIDATE,35.6364022,452.6,4.888,0.020525,15.7
CANDIDATE,8.98128472,4924.0,5.0397,0.064401,76.6
CANDIDATE,192.667139,1148.3,5.443,0.037986,26.0
CANDIDATE,52.971584,3882.6,3.4632,0.336767,51.4
CANDIDATE,5.91393977,84.0,0.562,0.00867,2.8
CANDIDATE,14.62399621,1082.0,2.193,0.246245,25.0
CANDIDATE,9.771462706,6933.2,1.767,0.108981,215.0
CANDIDATE,281.5628889,21012.0,8.853,0.127752,237.1
CANDIDATE,8.51170088,23791.335898271922,2.9,0.28364628616454735,259.8950005434192
CANDIDATE,6.93910337,614.7,2.977,0.030804,22.9
CANDIDATE,10.19154678,61.3,6.165,0.007567,27.6
CANDIDATE,12.89006728,602.5,3.555,0.021714,23.6
CANDIDATE,23.210509958,28737.0,3.09802,0.239908,958.7
CANDIDATE,4.74666128,256.8,2.093,0.014655,12.5
CANDIDATE,23.02028478,5077.8,3.544,0.072584,97.2
CANDIDATE,0.708621057,187.5,1.5041,0.012345,30.5
CANDIDATE,169.4976085,12192.0,7.77,0.105415,82.8
CANDIDATE,0.917568975,15805.0,2.0654,0.122207,128.1
CANDIDATE,7.79668781,361.3,4.6699,0.017502,48.5
CANDIDATE,7.00447892,231.4,2.669,0.013481,9.9
CANDIDATE,30.69395532,18121.0,2.9512,0.123454,196.6
CANDIDATE,29.481061268,11871.0,3.6636,0.168781,332.0
CANDIDATE,32.7737631,564.5,3.416,0.029843,21.7
CANDIDATE,77.63424586,16612.0,4.1002,0.113974,185.5
CANDIDATE,32.85862571,162.8,3.1483,0.014989,36.4
CANDIDATE,2.229326354,49.1,1.9946,0.006393,24.6
CANDIDATE,8.56267266,608.1,1.53,0.022272,15.2
CANDIDATE,17.79108667,414.2,2.662,0.019651,39.8
CANDIDATE,63.0732241,671.3,5.397,0.025655,30.0
CANDIDATE,8.710442022,1196.4,0.9425,0.040896,42.6
CANDIDATE,6.35585682,176.6,1.55,0.015018,9.2
CANDIDATE,4.22464216,987.0,1.403,0.03465,7.7
CANDIDATE,46.2991052,854.9,5.2481,0.026296,55.0
CANDIDATE,15.09521323,23791.335898271922,3.41,0.28364628616454735,259.8950005434192
CANDIDATE,6.31219171,403.7,4.9377,0.018482,35.6
CANDIDATE,86.049055,429.9,29.28,0.018911,8.0
CANDIDATE,5.007414194,4413.9,1.3584,0.07733,196.6
CANDIDATE,17.50441726,725.4,4.2585,0.024535,47.5
CANDIDATE,86.7490807,547.1,9.179,0.021098,35.7
CANDIDATE,3.261759866,3876.1,1.7593,0.077582,190.4
CANDIDATE,20.92735802,8091.0,3.4256,0.143383,263.5
CANDIDATE,30.5231459,2212.3,2.7286,0.130484,38.7
CANDIDATE,28.78270955,864.5,3.451,0.025875,40.1
CANDIDATE,4.539297295,798.1,1.9455,0.029574,50.3
CANDIDATE,6.73679732,23791.335898271922,2.36,0.28364628616454735,259.8950005434192
CANDIDATE,124.03589939,7690.0,4.8472,0.079644,190.1
CANDIDATE,17.1181036,167.7,1.29,0.012008,6.1
CANDIDATE,8.29482811,559.5,2.7437,0.026936,38.1
CANDIDATE,10.240611361,2958.0,0.9617,0.055757,72.0
CANDIDATE,23.11707222,2407.5,3.9948,0.050285,61.2
CANDIDATE,4.77502117,451.4,1.7087,0.019883,16.7
CANDIDATE,5.69590202,4921.1,3.5661,0.064358,391.2
CANDIDATE,2.64622742,155.5,1.407,0.011576,8.4
CANDIDATE,65.18703725,23791.335898271922,5.44,0.28364628616454735,259.8950005434192
CANDIDATE,6.69332825,781.8,2.311,0.035078,23.4
CANDIDATE,29.0726293,439.6,2.516,0.020385,20.9
CANDIDATE,6.6254781,122.0,2.358,0.009946,2.7
CANDIDATE,1.34145255,26.6,7.502,0.005021,31.2
CANDIDATE,14.97974335,1211.8,4.126,0.040734,33.2
CANDIDATE,6.7445683,86.6,3.813,0.008556,6.8
CANDIDATE,33.35859852,1825.9,2.286,0.050925,32.2
CANDIDATE,6.3143447,191.4,2.796,0.012685,6.4
CANDIDATE,78.7327023,495.8,5.041,0.025724,19.1
CANDIDATE,42.3375799,354.8,4.924,0.022832,18.1
CANDIDATE,1.834277283,286.5,1.7499,0.015647,24.8
CANDIDATE,1.151244686,269.6,1.272,0.400856,32.6
CANDIDATE,2.42088277,223.3,2.812,0.013564,20.7
CANDIDATE,38.103908,961.1,3.837,0.048466,20.3
CANDIDATE,5.24242029,334.9,6.413,0.019344,20.1
CANDIDATE,37.8034121,678.1,4.641,0.033027,20.2
CANDIDATE,131.485184,557.8,5.294,0.022374,19.4
CANDIDATE,16.2908527,44.1,3.176,0.006003,14.5
CANDIDATE,147.281212,452.8,7.375,0.0198,17.3
CANDIDATE,16.6671415,175.0,3.526,0.012198,17.9
CANDIDATE,34.135676,622.0,9.12,0.023039,8.6
CANDIDATE,86.130534,285.2,3.321,0.015395,3.7
CANDIDATE,8.46354384,792.2,1.4078,0.025894,26.1
CANDIDATE,191.86419296,23791.335898271922,4.9,0.28364628616454735,259.8950005434192
CANDIDATE,13.72549689,23791.335898271922,7.62,0.28364628616454735,259.8950005434192
CANDIDATE,176.331289,109.8,13.89,0.009675,8.4
CANDIDATE,6.2141496,183.4,10.141,0.0124,53.4
CANDIDATE,17.65737838,2155.7,3.509,0.047823,117.2
CANDIDATE,7.5966998,127.5,3.667,0.011117,24.5
CANDIDATE,15.40877383,23791.335898271922,3.49,0.28364628616454735,259.8950005434192
CANDIDATE,58.35512552,23791.335898271922,8.45,0.28364628616454735,259.8950005434192
CANDIDATE,1.204686597,233.2,0.823,0.014218,10.8
CANDIDATE,6.78341325,501.2,3.5437,0.021665,35.3
CANDIDATE,6.95787,182.3,4.537,0.012454,1.8
CANDIDATE,9.4907638,197.4,2.713,0.012848,7.3
CANDIDATE,0.76196247,190.2,1.282,0.012566,18.3
CANDIDATE,2.19251903,18.1,1.845,0.004065,6.6
CANDIDATE,39.7557642,621.8,1.958,0.245914,10.2
CANDIDATE,10.27127527,343.5,3.029,0.016888,17.5
CANDIDATE,4.267961416,127.4,1.3427,0.010492,24.6
CANDIDATE,18.1209388,504.2,3.781,0.019889,15.8
CANDIDATE,3.98864999,94.2,3.516,0.008903,12.4
CANDIDATE,25.1123362,398.8,7.922,0.018288,11.8
CANDIDATE,2.121023807,263.9,0.3673,0.047334,6.4
CANDIDATE,33.18089453,23791.335898271922,15.24,0.28364628616454735,259.8950005434192
CANDIDATE,3.55557922,60.4,3.24,0.007131,15.5
CANDIDATE,8.28157072,139.2,3.1,0.010655,12.9
CANDIDATE,0.82628442,134.9,0.9603,0.010598,25.6
CANDIDATE,6.37705295,502.8,1.949,0.02038,17.9
CANDIDATE,2.27050106,106.7,1.903,0.009599,15.9
CANDIDATE,18.55581565,565.9,5.372,0.021575,33.2
CANDIDATE,13.33094869,725.6,1.426,0.228694,17.1
CANDIDATE,21.47642727,348130.0,5.5498,0.544874,124.8
CANDIDATE,7.10397925,370.5,1.5398,0.017508,16.8
CANDIDATE,6.77367892,150.7,3.579,0.011355,15.1
CANDIDATE,5.22402436,48.1,2.608,0.006272,15.1
CANDIDATE,15.92108138,716.8,1.5443,0.035087,16.1
CANDIDATE,2.81043228,47.4,3.874,0.00628,17.8
CANDIDATE,175.603366,506.8,9.543,0.026036,14.7
CANDIDATE,64.034363,758.8,9.174,0.040604,16.9
CANDIDATE,4.790912471,360.7,0.5134,0.030503,17.6
CANDIDATE,47.3659328,757.0,7.929,0.121506,16.0
CANDIDATE,29.2254372,174.1,5.293,0.012233,15.7
CANDIDATE,13.9034057,261.4,3.408,0.017373,15.3
CANDIDATE,53.3580444,736.1,6.812,0.030108,19.7
CANDIDATE,73.711039,136.7,10.062,0.010817,21.1
CANDIDATE,14.43348326,526.8,2.663,0.211933,14.8
CANDIDATE,6.35705314,272.2,1.324,0.015121,17.3
CANDIDATE,1.530515205,659.7,0.5945,0.029563,23.2
CANDIDATE,17.6997392,752.7,2.76,0.024246,19.8
CANDIDATE,0.754457729,248.2,0.5891,0.01586,31.1
CANDIDATE,62.6825769,398.9,2.327,0.117521,17.8
CANDIDATE,16.2707207,468.0,5.707,0.209216,13.0
CANDIDATE,5.42204257,79.1,2.952,0.010112,10.7
CANDIDATE,24.1073172,104.2,10.465,0.009958,23.6
CANDIDATE,51.5738653,900.7,2.784,0.0272,13.2
CANDIDATE,0.827151296,272.4,1.385,0.014702,8.1
CANDIDATE,11.6191707,700.4,1.819,0.024284,18.5
CANDIDATE,38.2292037,605.8,3.893,0.023157,21.0
CANDIDATE,176.845697,431.6,3.812,0.483193,7.7
CANDIDATE,18.0243482,441.2,3.575,0.019931,17.3
CANDIDATE,16.4793229,479.1,3.312,0.019585,13.8
CANDIDATE,2.10081629,169.1,2.8182,0.016455,15.3
CANDIDATE,3.67936863,85.9,3.47,0.009964,18.1
CANDIDATE,7.4464635,78.0,4.084,0.008309,12.7
CANDIDATE,2.252976718,467.9,1.7131,0.019552,21.7
CANDIDATE,16.6146221,361.2,2.706,0.017048,10.6
CANDIDATE,5.83892993,237.4,1.1066,0.014115,15.3
CANDIDATE,3.09756897,83.3,4.588,0.008516,14.6
CANDIDATE,205.385912,1248.7,8.681,0.030926,24.3
CANDIDATE,1.23935745,150.9,1.683,0.014238,9.7
CANDIDATE,1.407020118,181.9,1.3766,0.012061,18.9
CANDIDATE,24.4359956,496.6,6.254,0.020437,17.1
CANDIDATE,17.57704569,670.0,2.022,0.27658,19.1
CANDIDATE,1.400755743,144.4,1.0562,0.011144,19.8
CANDIDATE,1.28132831,525.5,0.9157,0.025924,196.4
CANDIDATE,119.0833042,2951.0,2.558,0.326228,18.9
CANDIDATE,27.8813154,209.2,6.346,0.013372,15.5
CANDIDATE,7.50790041,145.0,5.646,0.012157,11.9
CANDIDATE,110.3783828,489.8,12.211,0.020351,108.9
CANDIDATE,4.28886792,59.3,2.599,0.007254,11.1
CANDIDATE,24.5752524,1003.4,2.258,0.029364,12.1
CANDIDATE,10.1747037,52.4,5.179,0.007125,11.8
CANDIDATE,2.17291055,76.4,2.139,0.008116,13.6
CANDIDATE,7.35101287,115.9,2.757,0.010277,12.8
CANDIDATE,6.57159435,65.7,3.1044,0.008051,30.7
CANDIDATE,0.868122253,231.3,1.5471,0.013923,23.2
CANDIDATE,13.84301228,567.8,4.077,0.02167,17.5
CANDIDATE,5.1952021,320.8,2.1552,0.016999,17.7
CANDIDATE,31.6084371,331.6,3.675,0.016769,16.2
CANDIDATE,16.1558656,731.3,3.798,0.035167,17.5
CANDIDATE,3.375716723,175.7,1.5436,0.016741,20.2
CANDIDATE,75.8580035,1148.4,5.382,0.040531,16.1
CANDIDATE,10.16435076,37.7,6.017,0.00674,18.4
CANDIDATE,237.787237,1627.7,10.509,0.048997,92.3
CANDIDATE,0.698461304,134.4,0.7887,0.010803,16.1
CANDIDATE,110.7556272,8067.0,6.819,0.101746,48.5
CANDIDATE,14.4079035,3058.0,2.524,0.294294,7.7
CANDIDATE,7.0956395,108.1,3.465,0.009348,10.5
CANDIDATE,79.2450351,1347.3,5.382,0.033253,14.4
CANDIDATE,126.4451275,3252.5,16.7151,0.051738,110.9
CANDIDATE,5.77207177,328.5,2.605,0.016375,13.2
CANDIDATE,46.151253,649.0,5.346,0.024756,17.1
CANDIDATE,165.3447044,4899.0,3.09,0.078728,48.0
CANDIDATE,97.4463194,2141.1,6.765,0.04074,62.8
CANDIDATE,174.636181,2500.9,15.679,0.045604,37.1
CANDIDATE,1.791877025,46.1,1.166,0.006353,12.5
CANDIDATE,145.881936,156.9,11.342,0.011555,11.2
CANDIDATE,2.50343279,1156.0,1.534,0.220575,13.2
CANDIDATE,96.4562198,950.5,11.195,0.030816,54.6
CANDIDATE,44.5643831,360.5,7.874,0.019632,27.0
CANDIDATE,253.374581,1104.0,22.889,0.02963,99.9
CANDIDATE,21.1181653,112.7,9.734,0.01031,26.3
CANDIDATE,5.06092282,71.6,2.586,0.009874,15.7
CANDIDATE,0.910020582,358.1,1.7956,0.019204,29.9
CANDIDATE,1.07808492,155.6,0.8551,0.011362,22.9
CANDIDATE,11.1916199,166.4,2.1,0.014113,11.9
CANDIDATE,174.731515,1179.9,8.257,0.030591,16.5
CANDIDATE,0.858546796,106.1,1.1,0.009355,12.2
CANDIDATE,5.518195,27.1,1.81,0.004772,5.2
CANDIDATE,75.1122132,3751.5,4.9458,0.063426,384.0
CANDIDATE,3.76562031,232.6,1.288,0.208191,14.6
CANDIDATE,2.46288834,47.4,1.724,0.006346,11.9
CANDIDATE,10.9192653,91.1,4.572,0.008821,15.0
CANDIDATE,4.21223579,116.4,7.898,0.013564,12.8
CANDIDATE,1.951082219,1151.8,1.6975,0.039073,30.1
CANDIDATE,23.1375919,114.0,3.35,0.009941,12.9
CANDIDATE,18.9763286,329.8,2.379,0.020761,11.0
CANDIDATE,6.34724702,159.8,3.097,0.012538,11.1
CANDIDATE,10.76800074,65.1,3.494,0.007669,14.2
CANDIDATE,4.32848303,35.5,2.955,0.005511,11.4
CANDIDATE,46.15119482,1817.3,6.3427,0.046727,286.0
CANDIDATE,4.780327581,960.8,2.0253,0.036574,380.8
CANDIDATE,7.64809462,195.9,2.216,0.012788,12.2
CANDIDATE,31.0209175,859.5,2.012,0.031742,15.1
CANDIDATE,2.118893997,311.4,0.822,0.016174,11.3
CANDIDATE,7.49133777,34.5,6.315,0.005396,14.4
CANDIDATE,5.4654174,219.5,3.209,0.013557,14.2
CANDIDATE,6.06664931,65.3,1.962,0.008919,10.9
CANDIDATE,2.184437698,1546.8,1.0422,0.034479,19.7
CANDIDATE,15.2311195,269.1,3.91,0.014945,13.1
CANDIDATE,4.8099878,288.2,1.97,0.015608,13.6
CANDIDATE,5.08288076,108.0,2.515,0.009687,12.5
CANDIDATE,31.0259489,385.4,5.692,0.018009,12.7
CANDIDATE,3.08942807,85.3,3.214,0.008903,13.2
CANDIDATE,21.2360024,104.4,4.019,0.009391,15.7
CANDIDATE,14.591504451,1490.5,1.1295,0.257211,68.0
CANDIDATE,1.242639742,159.3,1.763,0.011446,16.1
CANDIDATE,0.536650319,41.9,2.383,0.006191,31.0
CANDIDATE,6.09595681,65.7,5.502,0.007881,18.1
CANDIDATE,13.2511214,266.5,4.996,0.014901,15.2
CANDIDATE,11.682369,234.5,2.71,0.014968,11.2
CANDIDATE,10.12956201,81.3,3.044,0.008451,12.2
CANDIDATE,21.61313362,818.1,1.52,0.028166,13.8
CANDIDATE,27.9430245,308.6,6.125,0.016161,12.3
CANDIDATE,0.977311489,250.7,1.403,0.014052,14.8
CANDIDATE,0.896382269,136.4,1.113,0.010913,11.7
CANDIDATE,11.45541896,68.6,4.95,0.007587,15.8
CANDIDATE,44.433726,239.6,6.118,0.01478,8.0
CANDIDATE,3.91679553,161.3,2.072,0.011285,13.2
CANDIDATE,43.1024434,299.8,7.124,0.015664,14.3
CANDIDATE,31.4452709,531.1,1.758,0.028295,12.7
CANDIDATE,8.85686712,319.2,0.606,0.021548,11.9
CANDIDATE,12.99065074,392.3,2.3748,0.018005,42.5
CANDIDATE,82.6595174,1270.7,3.48,0.033535,17.1
CANDIDATE,24.3367026,551.1,2.539,0.022134,13.4
CANDIDATE,7.40985182,201.1,1.131,0.012934,13.5
CANDIDATE,15.5943758,95.4,7.367,0.009192,11.9
CANDIDATE,75.731195,2496.0,4.859,0.056351,16.3
CANDIDATE,152.1060435,3688.3,7.4517,0.064635,116.3
CANDIDATE,7.25101997,122.8,2.799,0.010066,12.2
CANDIDATE,57.3840375,241.7,4.336,0.018721,22.9
CANDIDATE,2.5738437,46.6,1.92,0.006083,10.9
CANDIDATE,10.18318233,51.5,3.137,0.006649,11.2
CANDIDATE,6.2321233,31.7,2.85,0.005154,8.5
CANDIDATE,8.2942929,36.8,3.976,0.005482,10.1
CANDIDATE,12.82993461,1417.4,2.942,0.035889,79.6
CANDIDATE,809.0141881,16311.0,8.3017,0.125784,212.9
CANDIDATE,2.47240869,47.5,1.87,0.006282,9.0
CANDIDATE,11.53029332,1209.3,1.8385,0.031664,57.6
CANDIDATE,7.9069765,126.1,4.634,0.010353,8.3
CANDIDATE,13.9509565,35.7,5.231,0.00557,11.2
CANDIDATE,16.30141333,942.3,3.5764,0.030924,62.4
CANDIDATE,3.687469832,5057.6,1.0668,0.087283,363.9
CANDIDATE,84.799829,56.1,15.21,0.007581,14.4
CANDIDATE,9.340538,200.8,2.57,0.012708,11.1
CANDIDATE,11.505879,49.8,5.583,0.006463,12.5
CANDIDATE,934.09418462,8709.6,17.489,0.086844,135.5
CANDIDATE,199.83920527,44490.0,4.378,0.226393,590.6
CANDIDATE,15.84132627,31083.0,1.8215,0.219737,135.8
CANDIDATE,20.605501,37.1,3.793,0.005962,11.1
CANDIDATE,9.5539134,26.8,5.261,0.004735,13.1
CANDIDATE,6.77067637,65.8,5.982,0.00746,19.6
CANDIDATE,0.589376952,80.7,1.71,0.008399,11.4
CANDIDATE,1.74610057,54.2,1.299,0.006491,9.2
CANDIDATE,24.7962801,574.4,8.33,0.021704,43.6
CANDIDATE,6.93650854,88.7,3.674,0.008773,11.3
CANDIDATE,18.3848331,151.8,3.545,0.012082,10.3
CANDIDATE,2.2165905,28.7,1.0,0.005287,2.8
CANDIDATE,3.65849707,4398.0,2.573,0.073444,47.0
CANDIDATE,2.433703498,258.3,0.975,0.019596,10.2
CANDIDATE,7.9788198,83.8,2.874,0.008249,8.3
CANDIDATE,10.52286678,130.2,1.911,0.13197,10.1
CANDIDATE,53.71798494,3153.5,4.104,0.066227,103.0
CANDIDATE,105.8817667,1556.3,18.044,0.037215,301.8
CANDIDATE,4.57797412,125.4,2.862,0.010324,9.6
CANDIDATE,3.01609637,196.3,1.57,0.013746,8.1
CANDIDATE,21.9424316,72.7,7.447,0.007921,10.7
CANDIDATE,330.025002,259.2,6.659,0.015636,12.2
CANDIDATE,9.391039263,2895.6,2.8386,0.071734,141.0
CANDIDATE,77.4794704,1237.0,10.1151,0.032509,72.6
CANDIDATE,11.1438086,41.7,7.905,0.006202,10.9
CANDIDATE,32.526674,204.9,6.842,0.013319,9.7
CANDIDATE,10.32906563,2309.8,1.44,0.053874,114.8
CANDIDATE,166.7876551,4764.2,5.8676,0.062452,183.8
CANDIDATE,49.537365,201.7,9.862,0.013263,10.1
CANDIDATE,24.0721647,177.3,3.171,0.016375,6.7
CANDIDATE,19.193103549,6807.3,2.5425,0.125536,258.5
CANDIDATE,80.881757,142.7,12.568,0.011018,12.2
CANDIDATE,9.250572762,1039.5,3.6373,0.267107,351.4
CANDIDATE,7.189379172,8126.4,2.0351,0.10163,288.5
CANDIDATE,1.8134378,97.4,7.776,0.009047,19.1
CANDIDATE,562.1725914,5877.8,9.8841,0.077456,208.4
CANDIDATE,278.1243979,2297.8,3.978,0.051146,58.5
CANDIDATE,4.034914368,800.1,1.7874,0.035486,92.6
CANDIDATE,52.513548727,14252.0,3.2743,0.116129,825.0
CANDIDATE,4.17838675,316.0,2.123,0.016989,15.1
CANDIDATE,16.2982201,199.0,2.558,0.013741,7.9
CANDIDATE,2190.7010353,1874.2,19.891,0.038811,94.8
CANDIDATE,3.29534567,141.9,1.902,0.011781,10.4
CANDIDATE,6.0799457,55.1,2.706,0.00678,7.3
CANDIDATE,70.2780911,781.6,2.466,0.025584,14.9
CANDIDATE,9.9664004,1619.0,5.0127,0.050235,125.9
CANDIDATE,14.85185526,1341.0,3.5263,0.038325,58.3
CANDIDATE,56.391062,2042.0,5.7,0.052224,11.4
CANDIDATE,22.34213536,2264.4,6.461,0.067166,51.9
CANDIDATE,10.47490332,1170.2,33.7939,0.04377,150.5
CANDIDATE,61.858947,70.8,21.32,0.008029,9.1
CANDIDATE,3.07365139,90.5,2.102,0.008751,9.6
CANDIDATE,275.07365,228.9,3.37,0.014379,7.5
CANDIDATE,4.50158249,175.7,1.855,0.012009,9.7
CANDIDATE,5.06546874,121.1,2.203,0.010226,10.4
CANDIDATE,5.89399142,10993.0,1.2737,0.114425,252.5
CANDIDATE,7.6720844,75.1,3.451,0.008203,8.4
CANDIDATE,3.251659087,4747.9,1.5286,0.082842,466.2
CANDIDATE,66.47762,553.5,4.487,0.021656,9.1
CANDIDATE,26.89316101,2193.2,2.3266,0.068343,119.6
CANDIDATE,0.702739679,65.1,1.379,0.008044,9.5
CANDIDATE,17.761998411,24177.0,2.4644,0.195094,731.7
CANDIDATE,155.042265,4880.9,9.848,0.072873,117.9
CANDIDATE,25.0032023,64.1,5.498,0.007962,12.6
CANDIDATE,80.84069,9326.0,8.567,0.08665,21.6
CANDIDATE,60.458443,175.2,8.43,0.012311,9.7
CANDIDATE,8.0292018,65.6,3.462,0.007627,11.7
CANDIDATE,2.41750021,58.2,4.33,0.008341,15.2
CANDIDATE,4.03357434,66.2,5.886,0.008579,15.5
CANDIDATE,7.66462913,114.1,3.614,0.009699,13.2
CANDIDATE,0.487656278,109.8,1.0129,0.009643,25.1
CANDIDATE,3.25424652,82.1,5.378,0.008748,18.3
CANDIDATE,11.9294568,132.3,3.193,0.010682,11.7
CANDIDATE,9.54699216,143.0,5.063,0.012712,17.4
CANDIDATE,14.708641,130.6,5.394,0.013504,12.8
CANDIDATE,13.6032081,180.5,2.592,0.013466,9.4
CANDIDATE,7.23531329,112.2,3.338,0.009843,14.0
CANDIDATE,64.1862264,507.3,8.485,0.026574,18.6
CANDIDATE,4.93211932,50.5,3.144,0.00655,7.5
CANDIDATE,4.85819429,76.3,5.356,0.008031,25.2
CANDIDATE,3.39904814,69.6,2.922,0.007945,8.1
CANDIDATE,1.183505016,116.6,1.275,0.00985,10.0
CANDIDATE,15.9042402,444.8,2.093,0.022682,13.3
CANDIDATE,4.16288745,391.7,0.678,0.018573,12.0
CANDIDATE,4.44902309,88.9,1.373,0.00834,10.4
CANDIDATE,1.121733366,84.3,1.032,0.008523,13.6
CANDIDATE,3.79437277,83.2,2.289,0.008244,7.7
CANDIDATE,363.41165,961.7,14.79,0.028751,17.4
CANDIDATE,215.956008,392.7,10.425,0.023402,23.3
CANDIDATE,2.00870696,53.5,4.87,0.006628,12.2
CANDIDATE,0.655939788,73.0,1.318,0.007708,18.7
CANDIDATE,110.461746,331.2,12.46,0.016739,15.8
CANDIDATE,44.6226725,131.9,12.974,0.012823,20.6
CANDIDATE,80.769893,128.5,4.2,0.01003,6.7
CANDIDATE,225.26213,389.2,14.459,0.018148,24.6
CANDIDATE,2.31482311,58.6,2.127,0.006844,14.2
CANDIDATE,10.778313,90.7,5.256,0.009117,12.5
CANDIDATE,4.32710895,108.9,1.387,0.16744,12.9
CANDIDATE,2.90512019,61.2,2.293,0.007269,13.2
CANDIDATE,5.04404366,236.5,1.682,0.01411,11.6
CANDIDATE,1.166960319,97.8,1.6823,0.008944,17.9
CANDIDATE,0.701944362,210.8,0.641,0.013524,17.1
CANDIDATE,3.05772668,311.0,1.819,0.015465,13.7
CANDIDATE,9.9092109,942.0,2.552,0.030624,6.4
CANDIDATE,6.39269778,174.3,2.138,0.011795,11.3
CANDIDATE,7.87845756,44.1,3.912,0.00628,10.5
CANDIDATE,27.9040511,300.2,5.346,0.018051,12.8
CANDIDATE,0.644322147,1076.6,0.893,0.365023,79.6
CANDIDATE,17.8075656,1511.0,1.643,0.03662,11.8
CANDIDATE,333.03842,1260.0,5.948,0.032328,7.0
CANDIDATE,3.75030469,35.5,3.246,0.005966,10.3
CANDIDATE,0.259819659,231.5,0.6513,0.021215,24.1
CANDIDATE,4.72693131,26.2,4.036,0.004665,11.5
CANDIDATE,10.0989634,57.0,6.428,0.007123,8.9
CANDIDATE,13.12297275,43.7,2.234,0.007074,12.9
CANDIDATE,22.7909233,53.6,9.565,0.007715,19.4
CANDIDATE,0.681180633,156.4,0.8844,0.011435,16.6
CANDIDATE,369.13236,215.9,10.34,0.013526,11.9
CANDIDATE,9.08745206,35.1,3.786,0.005459,11.7
CANDIDATE,106.957467,539.6,7.006,0.022719,11.7
CANDIDATE,75.8781344,1054.0,1.383,0.031915,11.9
CANDIDATE,147.661729,1087.8,6.207,0.029669,13.2
CANDIDATE,13.00291716,225.3,3.058,0.01467,14.0
CANDIDATE,42.0292298,373.7,8.499,0.017546,14.5
CANDIDATE,0.505111993,212.8,0.4053,0.018445,18.7
CANDIDATE,2.49385348,46.9,1.414,0.006317,12.3
CANDIDATE,18.22211768,2318.0,2.044,0.071242,15.2
CANDIDATE,16.5340022,89.2,4.063,0.008904,9.3
CANDIDATE,13.9482197,119.4,7.686,0.009882,14.5
CANDIDATE,5.67577999,51.2,3.554,0.007755,11.2
CANDIDATE,49.564693,113.5,8.54,0.010347,15.0
CANDIDATE,2.89494709,45.8,3.254,0.006304,14.3
CANDIDATE,0.762950224,187.3,1.133,0.012509,15.8
CANDIDATE,170.995748,477.1,3.88,0.022611,15.5
CANDIDATE,19.5650801,61.7,4.242,0.007198,13.8
CANDIDATE,5.53312006,53.1,3.486,0.006746,13.4
CANDIDATE,200.721168,822.5,9.91,0.025993,13.1
CANDIDATE,10.8614163,64.8,6.02,0.009066,12.9
CANDIDATE,7.03965141,268.7,3.141,0.016479,9.8
CANDIDATE,4.72519164,98.8,3.751,0.009524,10.0
CANDIDATE,66.6434565,277.3,2.385,0.023533,14.8
CANDIDATE,160.850075,428.1,9.427,0.020695,16.1
CANDIDATE,6.2614227,51.4,4.779,0.006608,10.6
CANDIDATE,3.70386741,125.7,1.41,0.010182,13.1
CANDIDATE,19.8751355,109.0,8.041,0.011384,15.2
CANDIDATE,7.2929891,72.5,4.053,0.0078,7.1
CANDIDATE,145.786556,378.0,4.891,0.017576,13.9
CANDIDATE,2.5093344,184.3,1.833,0.01249,8.4
CANDIDATE,24.5607107,55.2,8.679,0.006883,14.9
CANDIDATE,24.6683831,109.2,8.556,0.010372,15.3
CANDIDATE,349.41047,652.8,15.02,0.023379,17.7
CANDIDATE,14.8162925,108.2,4.973,0.010848,12.5
CANDIDATE,3.98167088,44.7,3.609,0.006188,10.3
CANDIDATE,7.016016,169.0,3.8,0.013829,6.3
CANDIDATE,42.068554,186.3,5.723,0.01251,9.8
CANDIDATE,6.23968392,155.9,0.668,0.012425,9.0
CANDIDATE,16.3368863,225.9,3.597,0.013517,12.1
CANDIDATE,1.63668262,921.7,1.907,0.254701,12.9
CANDIDATE,11.615625,191.2,2.233,0.017915,8.8
CANDIDATE,173.2578372,687.0,2.027,0.924361,13.5
CANDIDATE,41.6757509,142.0,10.848,0.010904,22.6
CANDIDATE,11.49589567,108.3,2.256,0.00965,13.2
CANDIDATE,0.609926502,133.8,1.2529,0.010654,15.3
CANDIDATE,8.4795266,163.3,6.052,0.011632,8.0
CANDIDATE,49.4746966,291.0,10.46,0.015994,17.2
CANDIDATE,1.62888267,130.9,1.72,0.010339,12.5
CANDIDATE,1.920062587,226.8,1.437,0.013851,12.6
CANDIDATE,0.909127736,98.7,1.431,0.008986,13.9
CANDIDATE,10.30148508,162.7,3.903,0.011853,12.6
CANDIDATE,17.8007815,44.5,6.547,0.007451,14.2
CANDIDATE,1.717859841,66.3,0.908,0.007668,9.5
CANDIDATE,7.3422467,366.8,2.029,0.017463,11.8
CANDIDATE,8.1134681,40.5,4.961,0.005948,10.5
CANDIDATE,5.4675514,87.2,3.283,0.008485,10.4
CANDIDATE,0.888478095,340.4,1.5312,0.01717,24.6
CANDIDATE,309.25581,421.4,10.72,0.018899,9.9
CANDIDATE,2.44232399,229.0,1.921,0.013601,14.1
CANDIDATE,42.1003351,214.0,1.0834,0.015845,13.9
CANDIDATE,1.182862515,22.3,2.928,0.004368,16.5
CANDIDATE,4.4408541,33.9,8.083,0.005195,12.0
CANDIDATE,1.8679943,73.4,1.087,0.007812,10.0
CANDIDATE,8.9172863,196.3,4.468,0.012876,7.2
CANDIDATE,1.33807075,20.2,1.425,0.004143,8.5
CANDIDATE,17.3731821,71.7,3.36,0.007795,14.0
CANDIDATE,1.97507424,130.5,2.61,0.010488,15.0
CANDIDATE,3.3879165,78.6,1.818,0.008048,10.4
CANDIDATE,58.7488629,473.6,3.191,0.019865,13.6
CANDIDATE,64.740274,113.1,15.082,0.010514,16.4
CANDIDATE,5.38299284,35.1,3.336,0.005534,10.7
CANDIDATE,2.0481582,183.3,1.899,0.012387,11.7
CANDIDATE,14.7179342,132.3,5.844,0.011244,12.7
CANDIDATE,19.2527652,138.5,4.862,0.010815,10.8
CANDIDATE,219.20579,207.8,14.5,0.01367,15.2
CANDIDATE,3.48754109,85.1,1.811,0.008377,7.3
CANDIDATE,8.0772455,79.2,7.272,0.011741,12.5
CANDIDATE,364.08733,372.0,14.09,0.017474,8.8
CANDIDATE,5.75651958,65.3,2.309,0.007466,11.2
CANDIDATE,91.95723,308.4,10.471,0.015948,12.3
CANDIDATE,7.51731745,170.7,2.484,0.011854,10.7
CANDIDATE,44.6966177,257.3,10.532,0.014812,15.3
CANDIDATE,8.5275894,112.5,2.959,0.00985,10.4
CANDIDATE,3.07714195,34.2,3.571,0.007413,9.9
CANDIDATE,3.83488354,243.0,2.026,0.014219,10.9
CANDIDATE,8.8233996,104.6,6.735,0.009255,13.3
CANDIDATE,40.0691482,784.1,2.928,0.159185,10.5
CANDIDATE,11.6933447,66.9,6.551,0.007556,12.7
CANDIDATE,4.02745396,85.2,1.33,0.008577,10.8
CANDIDATE,4.96061094,20.4,2.864,0.004139,12.5
CANDIDATE,1.4733245,124.0,1.406,0.010226,11.9
CANDIDATE,5.93218209,205.3,4.507,0.013028,14.9
CANDIDATE,96.384483,591.0,5.253,0.022095,10.4
CANDIDATE,6.05552018,134.6,2.818,0.010451,9.8
CANDIDATE,54.333582,152.0,10.545,0.012734,10.5
CANDIDATE,4.11754421,34.3,4.362,0.005429,22.1
CANDIDATE,122.749053,1041.2,8.342,0.057538,15.0
CANDIDATE,4.37992345,15.5,4.949,0.003875,13.9
CANDIDATE,3.70858595,305.4,1.94,0.015797,11.3
CANDIDATE,9.4527721,197.3,3.817,0.013921,11.3
CANDIDATE,4.3638313,194.1,1.457,0.012932,10.3
CANDIDATE,6.83006228,187.4,3.315,0.01252,12.1
CANDIDATE,17.1622587,312.2,4.668,0.218648,11.7
CANDIDATE,5.19898615,136.8,2.359,0.010944,11.5
CANDIDATE,14.74426,113.6,8.168,0.07515,11.9
CANDIDATE,35.0175053,292.0,3.608,0.017393,12.8
CANDIDATE,22.599501,76.9,4.38,0.008084,2.9
CANDIDATE,5.89089509,267.7,2.402,0.015019,11.7
CANDIDATE,4.13029832,325.3,2.461,0.016301,8.7
CANDIDATE,201.325036,125.4,14.4,0.01067,14.2
CANDIDATE,5.59346375,236.5,1.668,0.014042,9.5
CANDIDATE,3.44928111,237.0,1.424,0.01441,9.7
CANDIDATE,37.9043889,98.2,11.638,0.009164,13.9
CANDIDATE,6.88297756,30.4,2.065,0.005405,13.2
CANDIDATE,8.7963166,96.5,4.696,0.012479,11.9
CANDIDATE,2.049602348,186.1,1.061,0.012687,11.3
CANDIDATE,53.285584,158.6,6.492,0.012512,11.0
CANDIDATE,5.8943338,28.9,3.475,0.00489,10.7
CANDIDATE,8.119343,350.4,3.558,0.016902,8.2
CANDIDATE,18.0071438,80.8,5.401,0.008254,13.1
CANDIDATE,2.49915311,179.2,1.803,0.012944,13.4
CANDIDATE,105.997107,430.8,3.751,0.020118,10.9
CANDIDATE,6.30432354,40.0,2.508,0.00614,10.7
CANDIDATE,3.38419892,228.2,1.485,0.013798,11.5
CANDIDATE,1.19260017,58.0,1.502,0.006921,11.7
CANDIDATE,216.456055,1002.8,11.067,0.028585,14.2
CANDIDATE,12.003678,281.7,2.799,0.014942,12.0
CANDIDATE,6.0059966,39.2,3.096,0.005742,7.8
CANDIDATE,4.22426989,13.6,4.22,0.003623,11.0
CANDIDATE,330.906041,740.0,3.846,0.024381,7.3
CANDIDATE,56.3479517,43.6,8.789,0.006599,15.1
CANDIDATE,19.9778599,83.4,5.96,0.008414,12.8
CANDIDATE,17.543847,196.3,5.948,0.013357,9.9
CANDIDATE,3.8183717,50.8,2.687,0.007521,11.8
CANDIDATE,9.07829171,530.9,0.783,0.020947,7.0
CANDIDATE,6.41097179,233.5,2.582,0.013772,8.5
CANDIDATE,75.2116373,362.6,3.203,0.017266,13.1
CANDIDATE,6.36283414,159.4,3.752,0.011578,9.9
CANDIDATE,7.53737498,41.1,3.966,0.005934,11.3
CANDIDATE,7.57600886,49.0,3.361,0.00635,12.5
CANDIDATE,8.8303681,296.2,3.426,0.017124,10.9
CANDIDATE,12.85755895,106.5,4.831,0.009747,14.2
CANDIDATE,33.502923,70.9,11.947,0.008374,12.5
CANDIDATE,148.568877,404.4,4.399,0.018329,11.6
CANDIDATE,9.3335486,71.2,6.643,0.008311,11.7
CANDIDATE,9.54060855,462.0,1.869,0.019272,11.2
CANDIDATE,1.80926734,98.0,2.469,0.009177,10.9
CANDIDATE,5.04413987,172.0,1.623,0.012998,10.2
CANDIDATE,5.3694084,40.0,3.949,0.006556,8.0
CANDIDATE,5.65690281,32.2,3.583,0.005131,10.4
CANDIDATE,7.4299322,164.9,4.013,0.013269,9.8
CANDIDATE,79.334347,164.9,10.886,0.012408,14.6
CANDIDATE,5.68251605,81.2,3.479,0.008164,9.4
CANDIDATE,4.52628739,99.6,3.736,0.009313,12.5
CANDIDATE,0.597018404,245.4,0.4778,0.015774,16.5
CANDIDATE,4.82025124,94.1,2.129,0.009212,8.5
CANDIDATE,12.4019263,211.1,4.043,0.016357,9.5
CANDIDATE,152.823896,456.2,7.734,0.019703,9.9
CANDIDATE,6.80899076,1192.0,2.077,0.957505,11.5
CANDIDATE,77.915425,178.8,8.274,0.012253,9.2
CANDIDATE,284.727213,355.3,10.299,0.017149,12.7
CANDIDATE,30.5392931,428.2,6.887,0.01877,15.0
CANDIDATE,8.31224474,70.8,2.663,0.119294,12.2
CANDIDATE,12.6362048,124.0,3.961,0.010119,11.5
CANDIDATE,23.266633,49.9,8.315,0.006462,11.4
CANDIDATE,7.94004281,81.9,3.282,0.008315,10.7
CANDIDATE,2.85855049,85.4,2.341,0.011676,11.4
CANDIDATE,8.95294046,44.0,2.995,0.006519,13.0
CANDIDATE,4.84350003,50.2,3.045,0.007775,10.4
CANDIDATE,45.163025,130.3,7.03,0.010664,8.7
CANDIDATE,36.7614011,160.9,15.982,0.01687,16.2
CANDIDATE,4.373570433,366.0,0.623,0.017534,14.5
CANDIDATE,154.674369,435.8,9.35,0.020904,13.5
CANDIDATE,15.9513866,99.2,2.285,0.00921,9.2
CANDIDATE,7.7859111,45.5,7.788,0.006544,12.0
CANDIDATE,31.183688,139.8,6.14,0.012202,7.9
CANDIDATE,2.94242323,293.3,1.519,0.015869,14.7
CANDIDATE,13.0914878,37.5,2.037,0.005595,8.0
CANDIDATE,54.0812235,411.1,6.279,0.018566,11.6
CANDIDATE,8.5291223,325.4,3.241,0.017152,12.8
CANDIDATE,6.4546845,69.9,3.071,0.009295,10.8
CANDIDATE,0.494247662,224.9,1.2443,0.013828,18.1
CANDIDATE,11.8299383,41.4,5.168,0.006011,11.7
CANDIDATE,5.30179786,197.2,2.24,0.012946,11.5
CANDIDATE,0.849362238,114.9,1.36,0.009854,11.9
CANDIDATE,0.741768294,60.3,0.4164,0.210554,14.0
CANDIDATE,61.083322,227.5,10.396,0.014504,11.5
CANDIDATE,3.5944891,89.9,2.557,0.00854,10.4
CANDIDATE,4.8608059,252.1,1.966,0.014666,8.9
CANDIDATE,4.04481159,33.0,2.479,0.005366,7.5
CANDIDATE,4.8302364,22.5,7.983,0.0043,11.6
CANDIDATE,56.446465,147.9,7.371,0.012893,12.4
CANDIDATE,31.4202111,390.5,4.021,0.017729,10.6
CANDIDATE,5.56676609,173.8,1.812,0.011989,12.0
CANDIDATE,5.38613715,169.3,1.943,0.011945,8.9
CANDIDATE,13.2965044,133.4,5.68,0.013087,9.1
CANDIDATE,21.8420304,79.5,3.843,0.008228,9.5
CANDIDATE,0.876850385,59.2,1.534,0.007055,9.7
CANDIDATE,413.51856,391.1,10.395,0.018088,7.9
CANDIDATE,20.7106368,142.5,2.693,0.011371,11.0
CANDIDATE,3.43633133,473.5,0.675,0.020187,14.5
CANDIDATE,142.703888,225.5,5.808,0.013885,11.0
CANDIDATE,3.38080537,200.9,3.275,0.012949,11.6
CANDIDATE,10.4716194,123.9,4.512,0.010136,11.7
CANDIDATE,6.78788113,73.1,2.26,0.007896,7.8
CANDIDATE,5.47455167,73.2,3.71,0.009788,10.8
CANDIDATE,3.43861067,46.8,1.264,0.006575,9.5
CANDIDATE,4.8754765,39.6,1.902,0.005681,8.8
CANDIDATE,10.5071781,271.8,2.68,0.014877,11.1
CANDIDATE,5.4398033,85.5,3.256,0.008465,8.4
CANDIDATE,8.8493948,43.8,6.928,0.006766,12.1
CANDIDATE,51.567801,210.1,5.514,0.013584,13.5
CANDIDATE,16.4491515,70.9,6.696,0.009018,11.0
CANDIDATE,0.428046051,126.0,0.776,0.010262,14.1
CANDIDATE,19.254536,186.0,4.754,0.013911,9.2
CANDIDATE,384.6961,787.0,6.167,0.026101,8.2
CANDIDATE,71.05457555,4853.2,1.9162,0.062584,95.9
CANDIDATE,20.5512722,191.2,4.639,0.016358,20.0
CANDIDATE,7.5861587,116.8,4.32,0.011302,10.8
CANDIDATE,42.049523793,607.9,2.1372,0.022658,5.1
CANDIDATE,6.60180003,213.4,2.624,0.013259,8.1
CANDIDATE,3.19938075,76.1,1.761,0.008036,9.8
CANDIDATE,3.04185157,69.0,1.434,0.007624,11.1
CANDIDATE,1.89873195,78.0,1.382,0.008093,10.2
CANDIDATE,11.39110963,593.4,2.749,0.022856,12.1
CANDIDATE,7.13044117,31.9,2.566,0.005193,10.5
CANDIDATE,18.0939004,467.3,3.294,0.020174,11.6
CANDIDATE,34.9524256,677.0,1.717,0.255517,15.8
CANDIDATE,15.1516409,191.5,5.105,0.012596,11.4
CANDIDATE,7.4213444,315.9,2.361,0.016313,8.7
CANDIDATE,17.7412303,144.7,4.816,0.010924,9.2
CANDIDATE,2.63527677,70.4,1.997,0.008055,10.7
CANDIDATE,147.388124,909.2,8.781,0.027522,15.8
CANDIDATE,4.11497357,154.1,3.025,0.011539,9.7
CANDIDATE,7.5019743,248.0,2.582,0.014368,9.1
CANDIDATE,29.1206519,415.5,2.89,0.01865,9.7
CANDIDATE,6.91261536,34.4,2.359,0.005657,12.0
CANDIDATE,25.8616058,123.0,7.78,0.011557,8.5
CANDIDATE,18.9060921,375.6,4.125,0.017734,11.9
CANDIDATE,25.6970688,835.0,3.739,0.033204,6.4
CANDIDATE,6.07855,102.7,3.408,0.009391,10.4
CANDIDATE,2.131660527,32.2,1.8585,0.005172,15.7
CANDIDATE,5.75902182,70.8,2.687,0.007804,9.9
CANDIDATE,0.903763067,267.5,0.562,0.015146,12.6
CANDIDATE,5.66494448,46.0,4.173,0.006346,11.4
CANDIDATE,85.0624157,41901.0,4.6964,0.222476,495.3
CANDIDATE,14.3196417,215.5,3.781,0.013753,12.5
CANDIDATE,5.2736268,86.1,5.291,0.008831,8.7
CANDIDATE,24.5041103,119.5,6.065,0.009779,11.3
CANDIDATE,9.97202023,329.7,1.425,0.016575,8.6
CANDIDATE,40.3511707,533.5,3.97,0.020966,11.3
CANDIDATE,72.9332762,770.4,3.829,0.024847,11.3
CANDIDATE,12.6878176,293.0,4.262,0.018899,13.5
CANDIDATE,483.36405,285.4,15.61,0.01617,8.3
CANDIDATE,12.0729757,99.5,3.783,0.009058,9.7
CANDIDATE,82.401274,430.7,6.48,0.020272,10.1
CANDIDATE,11.91256675,123.1,6.126,0.010217,27.8
CANDIDATE,4.08197713,26.2,2.943,0.004772,9.3
CANDIDATE,0.912179022,144.6,1.332,0.010786,10.3
CANDIDATE,76.87935893,21272.0,2.3819,0.161985,131.0
CANDIDATE,13.0151826,331.6,3.613,0.019397,11.9
CANDIDATE,2.87998334,116.5,1.658,0.009652,9.9
CANDIDATE,21.08678557,499.6,0.978,0.022065,11.0
CANDIDATE,5.19206571,66.6,3.716,0.008465,10.5
CANDIDATE,449.01499,94.2,12.58,0.008921,8.5
CANDIDATE,17.4532945,79.3,4.027,0.008165,12.0
CANDIDATE,6.70242786,65.3,1.221,0.007505,8.8
CANDIDATE,7.79534033,102.1,3.406,0.009322,10.2
CANDIDATE,2.40174996,254.4,1.413,0.014851,13.2
CANDIDATE,115.238544,516.7,7.653,0.02801,10.6
CANDIDATE,21.7434141,154.8,8.143,0.013657,15.8
CANDIDATE,5.6795377,52.0,3.757,0.00668,12.5
CANDIDATE,9.33955596,245.1,2.058,0.022231,10.1
CANDIDATE,7.41834569,234.0,2.462,0.014014,11.2
CANDIDATE,92.461135,122.4,14.344,0.009874,20.7
CANDIDATE,9.2294726,199.3,2.446,0.01261,7.5
CANDIDATE,18.3721835,152.5,3.738,0.012401,9.5
CANDIDATE,17.99562529,1068.0,0.871,0.276761,12.1
CANDIDATE,63.095068,496.8,9.485,0.080621,11.4
CANDIDATE,21.7203362,87.8,4.252,0.00856,12.0
CANDIDATE,1.97650073,112.5,1.788,0.009654,10.4
CANDIDATE,3.79892774,47.0,4.112,0.00636,8.3
CANDIDATE,14.7401061,238.0,5.637,0.014103,10.3
CANDIDATE,4.7309013,228.5,2.889,0.013995,11.6
CANDIDATE,21.3761817,104.0,8.543,0.00937,12.1
CANDIDATE,6.58753699,232.1,2.043,0.013941,8.2
CANDIDATE,36.721576,538.2,7.758,0.021055,10.2
CANDIDATE,96.81647,164.7,10.227,0.011823,25.9
CANDIDATE,3.51413723,32.7,3.919,0.006432,11.2
CANDIDATE,4.96504981,50.7,2.212,0.006861,8.7
CANDIDATE,1.141148847,73.1,1.629,0.007681,12.7
CANDIDATE,12.460565,143.9,3.903,0.010763,10.2
CANDIDATE,19.5945772,129.3,6.77,0.010577,8.8
CANDIDATE,409.87844,647.1,10.58,0.023376,8.7
CANDIDATE,7.08757462,187.0,3.342,0.012708,11.0
CANDIDATE,3.74318005,237.5,1.111,0.018809,10.5
CANDIDATE,5.4169303,109.5,7.512,0.067492,11.3
CANDIDATE,31.1920226,447.8,2.849,0.019451,11.6
CANDIDATE,7.630545,364.9,3.63,0.017589,11.3
CANDIDATE,6.6716723,154.4,2.693,0.011407,10.3
CANDIDATE,409.38645,531.5,13.78,0.0204,10.3
CANDIDATE,17.7662938,181.1,3.079,0.014903,10.1
CANDIDATE,11.56722589,373.7,2.507,0.01714,11.5
CANDIDATE,631.56889,789.0,14.37,0.027049,20.7
CANDIDATE,4.31724247,59.0,4.126,0.007067,11.3
CANDIDATE,3.74099144,34.3,5.428,0.005233,12.3
CANDIDATE,302.779824,270.9,16.847,0.015017,12.3
CANDIDATE,94.094392,46.6,10.833,0.006318,10.6
CANDIDATE,25.3736543,372.9,2.619,0.017854,10.6
CANDIDATE,10.08535311,222.5,1.75,0.014096,10.7
CANDIDATE,10.2856373,134.9,3.043,0.010713,10.4
CANDIDATE,393.95608,482.2,13.89,0.021034,10.3
CANDIDATE,34.7496038,227.1,4.548,0.020104,11.4
CANDIDATE,227.83457,155.3,21.59,0.011818,13.1
CANDIDATE,24.352541,349.1,2.782,0.017258,5.8
CANDIDATE,382.30306,225.6,8.83,0.014323,9.6
CANDIDATE,58.1263775,271.5,4.018,0.014795,13.8
CANDIDATE,3.80675878,231.9,2.092,0.014016,10.4
CANDIDATE,34.1086562,133.8,6.405,0.01068,11.7
CANDIDATE,10.0100312,375.8,1.35,0.017837,12.4
CANDIDATE,12.67143692,215.8,2.498,0.013071,13.7
CANDIDATE,60.32668824,3146.7,1.6864,0.086168,57.0
CANDIDATE,2.63595435,93.7,1.309,0.008651,9.2
CANDIDATE,5.3360574,54.7,3.877,0.00685,7.0
CANDIDATE,10.54841329,102.9,1.872,0.032654,11.7
CANDIDATE,133.6348207,420.9,1.584,0.018879,10.8
CANDIDATE,32.510844,361.9,3.254,0.017696,12.6
CANDIDATE,10.90752977,186.0,2.764,0.012591,11.8
CANDIDATE,10.5226374,68.9,3.864,0.008422,8.9
CANDIDATE,494.485085,385.3,3.905,0.018057,13.9
CANDIDATE,14.0545718,274.3,4.066,0.015078,11.6
CANDIDATE,6.86674226,47.2,4.216,0.006342,12.3
CANDIDATE,29.7681831,159.9,9.425,0.012509,13.2
CANDIDATE,36.7662364,579.5,3.305,0.021673,12.6
CANDIDATE,2.53742164,104.5,1.563,0.009301,12.8
CANDIDATE,62.596544,223.1,11.477,0.013638,15.5
CANDIDATE,15.5764061,257.1,5.382,0.015214,14.1
CANDIDATE,10.00506974,143.3,3.481,0.010975,11.4
CANDIDATE,36.2580749,380.3,5.917,0.019643,12.5
CANDIDATE,12.4326997,240.3,7.81,0.014003,11.5
CANDIDATE,30.9902997,321.5,9.454,0.01644,10.7
CANDIDATE,35.8754482,366.7,3.972,0.01767,12.6
CANDIDATE,4.32710579,84.1,3.872,0.008287,9.5
CANDIDATE,60.532988,467.5,7.086,0.020634,23.8
CANDIDATE,15.0617835,196.6,6.31,0.01273,12.1
CANDIDATE,17.9559673,137.0,6.237,0.014983,11.9
CANDIDATE,2.69339974,147.5,1.936,0.011019,8.7
CANDIDATE,10.43003118,120.0,2.029,0.010153,10.6
CANDIDATE,27.63714708,735.5,1.7277,0.026279,27.4
CANDIDATE,50.563697,50.5,5.381,0.007117,6.8
CANDIDATE,65.427645,319.0,9.404,0.016342,15.6
CANDIDATE,369.069345,945.9,5.832,0.036085,11.7
CANDIDATE,11.16622885,353.9,3.389,0.017052,13.6
CANDIDATE,23.1334494,456.3,3.602,0.025021,21.6
CANDIDATE,8.9539656,70.4,4.898,0.008108,12.2
CANDIDATE,13.7281373,106.6,5.304,0.010234,15.4
CANDIDATE,26.83771808,8512.0,1.6162,0.108646,101.4
CANDIDATE,3.53105835,310.8,1.778,0.231298,11.7
CANDIDATE,6.32589574,192.5,1.383,0.012726,8.8
CANDIDATE,11.9378354,246.0,4.652,0.014211,9.6
CANDIDATE,32.715906,135.7,10.79,0.010568,13.1
CANDIDATE,82.331756,283.2,8.664,0.015333,11.9
CANDIDATE,27.0965146,208.4,8.42,0.014451,16.4
CANDIDATE,11.5474983,115.5,6.684,0.010036,12.3
CANDIDATE,83.2664103,620.0,2.813,0.022432,10.9
CANDIDATE,11.8237228,212.7,8.518,0.014222,14.2
CANDIDATE,19.0689513,169.3,12.462,0.016821,19.1
CANDIDATE,6.2253374,108.6,4.388,0.010165,11.8
CANDIDATE,12.5014905,220.1,3.882,0.01375,10.8
CANDIDATE,40.6511021,136.4,11.282,0.011351,17.3
CANDIDATE,89.945828,335.6,2.286,0.016454,6.6
CANDIDATE,40.1454757,310.8,5.2,0.016638,5.2
CANDIDATE,1.048130894,191.8,5.6707,0.012888,5.2
CANDIDATE,17.6062701,146.2,6.134,0.013592,10.4
CANDIDATE,20.0679247,482.2,5.236,0.022842,13.8
CANDIDATE,541.92452,1504.2,21.4,0.046999,18.1
CANDIDATE,58.7701045,224.4,6.995,0.014204,13.2
CANDIDATE,6.685438,89.2,5.09,0.00991,9.7
CANDIDATE,8.5433774,75.1,6.149,0.008588,10.3
CANDIDATE,11.7201693,154.4,2.399,0.011486,7.5
CANDIDATE,11.5706005,211.9,3.073,0.013484,9.6
CANDIDATE,16.2953228,229.1,4.882,0.014432,12.9
CANDIDATE,8.5073512,209.5,2.266,0.01327,8.9
CANDIDATE,15.8283833,227.5,3.643,0.014403,9.8
CANDIDATE,4.7482669,35.6,4.947,0.005783,12.1
CANDIDATE,10.10404351,1322.4,1.0022,0.04465,39.5
CANDIDATE,13.9248005,195.2,5.016,0.012658,11.2
CANDIDATE,19.6001405,282.0,8.613,0.020442,19.7
CANDIDATE,34.08429351,3746.0,1.3521,0.358073,28.7
CANDIDATE,202.1168173,2701.2,4.683,0.057885,56.3
CANDIDATE,10.72725536,56197.0,1.7541,0.43892,160.5
CANDIDATE,2.508116,188.1,2.504,0.012819,18.3
CANDIDATE,16.0988294,160.2,5.686,0.011509,10.9
CANDIDATE,247.891041,956.6,18.363,0.028265,34.6
CANDIDATE,1.99469354,75.1,5.297,0.008287,8.9
CANDIDATE,164.950399,24493.0,30.86,0.154899,65.7
CANDIDATE,0.582895412,587.5,1.0528,0.053285,87.0
CANDIDATE,0.496069986,128.8,1.5568,0.010444,22.1
CANDIDATE,5.24088367,8531.2,3.3656,0.089386,385.7
CANDIDATE,6.13074243,146.1,2.84,0.013892,9.9
CANDIDATE,5.44085762,137.5,2.119,0.011602,9.3
CANDIDATE,6.714247798,32213.0,3.3304,0.16913,145.9
CANDIDATE,2.60720833,3149.7,2.6452,0.054153,185.3
CANDIDATE,17.7476059,877.0,5.066,0.277893,7.6
CANDIDATE,2.18565886,35.6,1.966,0.005433,11.1
CANDIDATE,3.52364689,74.2,3.439,0.007911,8.5
CANDIDATE,4.78850084,66.5,2.099,0.007424,7.2
CANDIDATE,141.73403059,7736.4,1.5851,0.102722,157.4
CANDIDATE,433.220461,725.1,2.725,0.024338,9.5
CANDIDATE,18.2572722,157.5,3.434,0.011442,17.3
CANDIDATE,2.38920105,23791.335898271922,3.15,0.28364628616454735,259.8950005434192
CANDIDATE,288.3128666,11181.0,5.419,0.099153,96.8
CANDIDATE,106.18732,266.1,10.29,0.01388,8.6
CANDIDATE,9.74765878,102.0,2.62,0.009733,11.6
CANDIDATE,309.89103,321.3,16.4,0.017056,10.7
CANDIDATE,1.803697292,69.7,1.5922,0.007829,25.8
CANDIDATE,1.013774136,33878.0,1.2774,0.43757,166.8
CANDIDATE,290.1401717,4836.0,2.1583,0.083972,69.1
CANDIDATE,1.72110057,29.7,1.922,0.005467,9.3
CANDIDATE,4.7425521,3583.0,1.11,0.063231,10.9
CANDIDATE,47.1096306,752.2,5.741,0.260165,35.1
CANDIDATE,18.577903,99.8,20.11,0.009226,6.6
CANDIDATE,0.968026356,212.7,0.7143,0.013644,32.6
CANDIDATE,10.57910009,329.3,1.4553,0.016983,17.9
CANDIDATE,5.0263815,77.2,4.384,0.008026,8.5
CANDIDATE,6.68231249,48.7,3.251,0.007642,12.3
CANDIDATE,66.119119,862.0,3.086,0.026737,9.8
CANDIDATE,0.982090079,5396.7,1.44892,0.369602,304.1
CANDIDATE,0.66682654,511.6,0.7847,0.024547,33.4
CANDIDATE,1.38680229,242.3,1.7065,0.131874,84.4
CANDIDATE,12.89623554,426.6,2.625,0.025283,32.9
CANDIDATE,2.52443998,45.8,2.369,0.006278,10.6
CANDIDATE,0.5374094,94.2,1.2039,0.008863,21.9
CANDIDATE,1.570592397,214.4,0.623,0.013623,29.7
CANDIDATE,6.422943288,261.4,1.0815,0.014946,30.6
CANDIDATE,1.306984786,302.1,1.194,0.163565,38.4
CANDIDATE,3.11141514,28.4,3.074,0.005008,8.3
CANDIDATE,0.352515897,168.2,1.0525,0.01191,38.0
CANDIDATE,0.339069751,53.2,1.1516,0.008785,38.2
CANDIDATE,0.619023176,77.9,1.496,0.008093,8.9
CANDIDATE,120.00336404,39596.0,3.3803,0.206779,131.1
CANDIDATE,141.608555,1263.1,7.685,0.032298,43.3
CANDIDATE,3.6092231,52.4,2.8,0.006716,4.4
CANDIDATE,11.4927112,291.5,7.764,0.227929,18.7
CANDIDATE,172.820248,549.3,7.343,0.021626,10.6
CANDIDATE,20.1890396,112.1,6.251,0.010011,15.0
CANDIDATE,7.3812344,104.5,2.802,0.00996,8.6
CANDIDATE,173.92851338,23791.335898271922,2.64,0.28364628616454735,259.8950005434192
CANDIDATE,305.0762469,4042.8,6.255,0.061965,113.4
CANDIDATE,3.76565247,92.4,1.557,0.009084,9.1
CANDIDATE,10.5994606,128.8,9.484,0.010994,11.2
CANDIDATE,0.592243731,3992.4,1.386,0.104857,303.8
CANDIDATE,399.37587,552.2,21.25,0.022256,11.9
CANDIDATE,41.88970036,1304.4,1.35,0.324673,20.9
CANDIDATE,1.236866732,187.2,1.242,0.018187,14.2
CANDIDATE,1.332035996,136.8,1.391,0.010635,12.6
CANDIDATE,0.716531851,78.9,0.655,0.009893,17.9
CANDIDATE,5.47715718,568.4,1.3849,0.021373,16.7
CANDIDATE,7.57299816,30.2,2.645,0.005049,10.9
CANDIDATE,4.64490141,106.4,2.456,0.009096,11.7
CANDIDATE,9.3210841,294.2,1.81,0.015846,6.1
CANDIDATE,7.55842923,361.1,2.91,0.018044,10.3
CANDIDATE,43.681309,258.0,12.37,0.014709,9.8
CANDIDATE,230.180357,3689.3,13.436,0.055626,64.0
CANDIDATE,55.7583803,132.7,2.497,0.010351,9.0
CANDIDATE,3.781123,90.4,8.15,0.008771,9.0
CANDIDATE,220.720142,862.5,8.186,0.026362,12.0
CANDIDATE,281.5921577,9312.0,5.673,0.092678,76.0
CANDIDATE,103.722152,296.9,6.061,0.015615,9.4
CANDIDATE,32.5474295,157.1,6.945,0.012273,11.3
CANDIDATE,411.8969,502.8,6.203,0.020929,8.5
CANDIDATE,127.671711,450.1,2.637,0.019212,8.0
CANDIDATE,115.23145073,23791.335898271922,2.01,0.28364628616454735,259.8950005434192
CANDIDATE,349.58811,373.3,5.052,0.016609,11.6
CANDIDATE,1.680254289,51633.0,12.585,0.226926,178.7
CANDIDATE,151.13008,358.0,3.49,0.017538,4.6
CANDIDATE,258.63797782,23791.335898271922,7.11,0.28364628616454735,259.8950005434192
CANDIDATE,628.15844,502.3,12.144,0.020507,14.7
CANDIDATE,263.90141,807.1,4.303,0.035056,11.0
CANDIDATE,18.7821603,77.2,5.573,0.008047,9.8
CANDIDATE,389.316341,2599.8,5.49,0.263929,34.7
CANDIDATE,3.98916186,318.0,1.913,0.015896,16.3
CANDIDATE,190.800788,287.6,8.082,0.015465,13.0
CANDIDATE,29.6094263,224.9,2.71,0.014742,10.8
CANDIDATE,161.537665,101.8,2.65,0.009261,5.9
CANDIDATE,209.967521,120.0,2.585,0.010162,7.1
CANDIDATE,369.73011,274.8,14.27,0.015262,9.6
CANDIDATE,21.3684341,492.8,1.18,0.020049,9.7
CANDIDATE,29.5632952,532.8,1.562,0.021017,10.4
CANDIDATE,181.81214,474.6,16.164,0.02023,21.3
CANDIDATE,435.50635,553.8,34.16,0.021393,8.2
CANDIDATE,525.560452,1196.0,2.327,0.030724,10.9
CANDIDATE,95.688682,453.8,6.465,0.019927,9.8
CANDIDATE,38.168652,90.6,5.086,0.008741,8.3
CANDIDATE,69.089357,475.1,6.207,0.019304,8.6
CANDIDATE,40.9882124,145.8,3.599,0.011238,11.3
CANDIDATE,138.333748,603.6,2.391,0.02258,8.4
CANDIDATE,22.4932751,152.0,3.172,0.011101,11.2
CANDIDATE,215.732414,208.2,1.915,0.013434,7.3
CANDIDATE,8.0906952,82.4,2.648,0.008151,8.1
CANDIDATE,188.954072,166.5,14.17,0.011886,10.9
CANDIDATE,579.81521,607.0,5.43,0.025631,7.9
CANDIDATE,19.12788374,23791.335898271922,2.0,0.28364628616454735,259.8950005434192
CANDIDATE,493.74242,506.1,5.685,0.02019,12.4
CANDIDATE,9.942228056,31068.0,2.45451,0.24062,1073.3
CANDIDATE,22.2903562,130.4,1.623,0.010324,8.1
CANDIDATE,55.180772,474.6,9.791,0.020178,11.5
CANDIDATE,84.6405853,784.0,2.657,0.024985,8.2
CANDIDATE,15.2024426,834.0,8.11,0.02523,4.0
CANDIDATE,110.089267,1018.0,1.575,0.029248,5.6
CANDIDATE,219.931324,641.0,4.818,0.023063,7.1
CANDIDATE,385.29212,218.5,19.417,0.013645,15.1
CANDIDATE,455.195496,293.6,3.565,0.015827,8.0
CANDIDATE,50.55398,199.7,6.159,0.012561,7.9
CANDIDATE,200.2350497,10812.0,23.612,0.100988,220.6
CANDIDATE,31.5034587,210.6,3.315,0.012966,8.6
CANDIDATE,22.2381062,104.2,2.68,0.009435,7.1
CANDIDATE,20.5477769,253.8,4.634,0.014482,12.1
CANDIDATE,180.4118581,4268.0,3.29,0.083414,33.2
CANDIDATE,392.47291,345.6,7.867,0.018505,12.2
CANDIDATE,581.729006,186.7,6.647,0.01253,8.6
CANDIDATE,56.001782,125.2,1.706,0.010573,7.2
CANDIDATE,69.932459,264.4,2.03,0.014575,8.4
CANDIDATE,535.93723,337.2,11.85,0.017502,8.8
CANDIDATE,313.051405,594.9,10.969,0.02246,39.5
CANDIDATE,18.9828305,49.1,6.303,0.006377,9.6
CANDIDATE,357.437578,272.3,15.903,0.015415,13.6
CANDIDATE,215.634356,148.0,15.097,0.011192,12.3
CANDIDATE,30.928898,203.3,3.436,0.014471,8.5
CANDIDATE,293.392635,518.8,3.661,0.020508,9.9
CANDIDATE,5.43361347,1421.0,1.0338,0.033746,17.9
CANDIDATE,47.82278681,23791.335898271922,1.19,0.28364628616454735,259.8950005434192
CANDIDATE,348.96347,585.2,13.84,0.023531,11.8
CANDIDATE,59.4037839,123.5,10.041,0.012476,17.0
CANDIDATE,43.581043,348.7,6.883,0.017259,8.7
CANDIDATE,327.063,1006.0,8.06,0.02929,8.8
CANDIDATE,651.07431,153.7,5.603,0.011226,7.1
CANDIDATE,49.1782244,449.0,5.8,0.019512,9.4
CANDIDATE,271.790292,318.4,2.944,0.016478,8.1
CANDIDATE,3.5645249,53.9,2.062,0.006634,8.0
CANDIDATE,48.2455501,60.5,1.375,0.007137,5.0
CANDIDATE,377.311149,804.0,3.33,0.026277,8.3
CANDIDATE,265.741374,273.4,18.078,0.015977,21.6
CANDIDATE,470.65357,985.0,3.458,0.028801,8.3
CANDIDATE,15.18575582,256.7,0.633,0.015424,11.8
CANDIDATE,59.14382117,23791.335898271922,1.74,0.28364628616454735,259.8950005434192
CANDIDATE,26.092284,122.4,6.623,0.010161,12.2
CANDIDATE,47.0628978,1647.0,1.545,0.04181,14.5
CANDIDATE,100.345648,372.3,7.939,0.018008,15.2
CANDIDATE,111.187116,110.8,3.569,0.010762,7.3
CANDIDATE,27.765596,147.6,19.49,0.011039,14.2
CANDIDATE,367.6758,699.5,23.5,0.024198,14.0
CANDIDATE,354.21154,821.3,18.594,0.025386,22.0
CANDIDATE,171.028691,394.2,11.784,0.018205,13.1
CANDIDATE,624.90338,249.0,12.169,0.014651,10.6
CANDIDATE,25.5338535,368.0,2.076,0.01702,8.3
CANDIDATE,339.18998,822.0,5.117,0.026027,7.6
CANDIDATE,349.73652,886.0,3.428,0.026683,6.0
CANDIDATE,436.18813,118.0,11.35,0.010045,8.7
CANDIDATE,21.1579573,215.9,4.706,0.014732,10.2
CANDIDATE,169.330666,532.7,2.6,0.021658,9.7
CANDIDATE,249.35154,1637.0,13.76,0.040458,8.2
CANDIDATE,371.56492,375.5,14.736,0.017835,16.2
CANDIDATE,546.53309,758.0,16.04,0.026123,12.3
CANDIDATE,364.63189,302.8,22.93,0.016329,13.3
CANDIDATE,330.738115,333.3,4.998,0.016511,8.7
CANDIDATE,78.876125,472.3,4.912,0.020017,8.1
CANDIDATE,444.04257,417.4,10.9,0.018717,7.4
CANDIDATE,211.330867,531.0,4.66,0.02104,7.5
CANDIDATE,105.5904748,292.4,2.188,0.017042,9.5
CANDIDATE,550.86514,346.5,14.548,0.016926,20.8
CANDIDATE,380.39474,603.0,10.775,0.022564,8.6
CANDIDATE,12.5747207,323.3,2.896,0.0171,10.5
CANDIDATE,33.3726538,618.4,3.663,0.022464,10.1
CANDIDATE,143.163697,390.3,4.854,0.023971,12.9
CANDIDATE,282.0309,782.0,14.69,0.02593,11.8
CANDIDATE,179.25465,272.4,22.35,0.015092,9.9
CANDIDATE,65.752109,382.5,6.854,0.01775,9.9
CANDIDATE,59.9655175,310.1,1.89,0.015933,5.5
CANDIDATE,112.951287,555.6,4.284,0.02164,7.3
CANDIDATE,103.363691,359.1,6.012,0.017948,9.4
CANDIDATE,276.879492,1762.0,3.779,0.11064,10.4
CANDIDATE,418.04355,481.6,10.777,0.02299,10.8
CANDIDATE,370.05918,669.8,11.86,0.023161,8.6
CANDIDATE,19.4534296,149.0,4.873,0.011255,9.8
CANDIDATE,232.916142,64.8,7.037,0.007353,8.5
CANDIDATE,44.7055876,471.8,6.262,0.70871,12.0
CANDIDATE,57.3888262,344.4,3.543,0.020101,11.9
CANDIDATE,126.51457638,23791.335898271922,2.15,0.28364628616454735,259.8950005434192
CANDIDATE,14.5168151,86.0,5.796,0.008853,11.7
CANDIDATE,359.98653,671.0,3.866,0.0238,5.6
CANDIDATE,573.23826,470.1,2.641,0.019438,6.8
CANDIDATE,314.765374,732.0,3.325,0.024308,7.5
CANDIDATE,438.98396,745.2,9.62,0.025486,14.0
CANDIDATE,288.07937,991.0,3.161,0.028528,7.6
CANDIDATE,198.895864,1779.0,4.193,0.037706,13.0
CANDIDATE,52.69092296,23791.335898271922,2.31,0.28364628616454735,259.8950005434192
CANDIDATE,37.71508287,23791.335898271922,1.8,0.28364628616454735,259.8950005434192
CANDIDATE,5.1779065,129.5,5.366,0.010359,9.5
CANDIDATE,474.22897,475.2,13.05,0.019837,7.2
CANDIDATE,371.50631,992.0,8.854,0.028498,14.1
CANDIDATE,117.26808432,23791.335898271922,2.2,0.28364628616454735,259.8950005434192
CANDIDATE,62.312419,123.0,5.561,0.010025,9.1
CANDIDATE,426.942225,1209.0,3.965,0.031713,11.8
CANDIDATE,83.499618,501.0,16.03,0.020322,16.1
CANDIDATE,91.507044,539.0,5.019,0.020947,12.4
CANDIDATE,188.664098,960.0,5.179,0.027569,9.4
CANDIDATE,75.636309,174.6,2.588,0.01218,6.0
CANDIDATE,492.23808,676.8,12.53,0.023522,13.2
CANDIDATE,198.6004,300.8,3.53,0.016695,9.8
CANDIDATE,5.71966537,19.1,3.938,0.004029,11.3
CANDIDATE,201.621794,480.0,3.172,0.020086,6.8
CANDIDATE,24.6777128,131.3,5.088,0.010928,9.0
CANDIDATE,113.05980069,23791.335898271922,19.03,0.28364628616454735,259.8950005434192
CANDIDATE,54.6957124,1096.0,6.89,0.039718,12.4
CANDIDATE,169.84787744,23791.335898271922,2.82,0.28364628616454735,259.8950005434192
CANDIDATE,284.699924,371.1,3.709,0.017795,7.6
CANDIDATE,402.20969,472.5,5.298,0.01975,9.5
CANDIDATE,584.55603,346.7,3.671,0.016922,10.0
CANDIDATE,70.31252504,23791.335898271922,13.66,0.28364628616454735,259.8950005434192
CANDIDATE,69.775633,140.9,9.205,0.011049,9.7
CANDIDATE,58.5029431,117.0,1.633,0.010009,7.0
CANDIDATE,415.748785,463.7,3.313,0.019329,9.2
CANDIDATE,24.1527864,78.1,4.451,0.008131,9.3
CANDIDATE,11.1734401,61.3,4.545,0.007326,9.0
CANDIDATE,428.379308,386.6,4.066,0.019261,7.4
CANDIDATE,392.72811,499.7,12.48,0.020827,12.0
CANDIDATE,374.05697,961.1,22.53,0.027834,20.6
CANDIDATE,339.633833,517.8,8.859,0.020722,12.0
CANDIDATE,140.884533,158.0,10.245,0.011447,16.4
CANDIDATE,100.494129,57.6,2.679,0.006966,6.9
CANDIDATE,182.453195,184.0,2.721,0.012479,5.2
CANDIDATE,383.26217,448.4,4.84,0.018923,11.0
CANDIDATE,178.266978,1857.0,5.276,0.047601,12.5
CANDIDATE,30.9771151,125.0,3.188,0.010402,6.8
CANDIDATE,19.11280242,23791.335898271922,1.58,0.28364628616454735,259.8950005434192
CANDIDATE,14.2673439,217.5,3.171,0.013275,9.0
CANDIDATE,360.64485255,23791.335898271922,11.19,0.28364628616454735,259.8950005434192
CANDIDATE,541.04472,181.5,12.47,0.01238,8.8
CANDIDATE,514.271499,688.9,3.46,0.024231,9.0
CANDIDATE,571.14302,531.3,10.06,0.021513,8.5
CANDIDATE,540.39267,1780.0,9.233,0.038802,15.1
CANDIDATE,190.905243,227.1,2.529,0.014009,7.4
CANDIDATE,20.5142642,153.2,3.524,0.011132,9.0
CANDIDATE,495.854189,548.6,8.65,0.021121,10.9
CANDIDATE,318.25858,756.0,4.39,0.02448,6.0
CANDIDATE,184.883155,304.1,3.025,0.015929,9.9
CANDIDATE,11.006795,146.4,5.112,0.011693,10.9
CANDIDATE,177.37583,459.7,21.14,0.019514,12.4
CANDIDATE,366.55705,582.5,11.62,0.021866,10.2
CANDIDATE,39.42516213,23791.335898271922,2.18,0.28364628616454735,259.8950005434192
CANDIDATE,124.887214,176.5,8.599,0.013187,13.3
CANDIDATE,295.958914,464.1,4.244,0.019401,17.5
CANDIDATE,120.938669,782.1,8.818,0.025231,15.0
CANDIDATE,362.22202,52.5,14.29,0.006892,14.6
CANDIDATE,631.99116,345.6,2.99,0.016903,7.2
CANDIDATE,557.92882,262.2,4.788,0.014746,8.1
CANDIDATE,77.51257,1510.0,3.15,71.139206,5.8
CANDIDATE,46.969389,1875.0,1.944,0.039755,7.1
CANDIDATE,206.801125,716.0,6.6,0.025882,16.7
CANDIDATE,14.0019064,376.1,4.257,0.025298,11.6
CANDIDATE,525.757041,830.2,4.995,0.025799,14.4
CANDIDATE,313.82752,168.0,4.187,0.01184,8.7
CANDIDATE,236.09799849,23791.335898271922,3.65,0.28364628616454735,259.8950005434192
CANDIDATE,425.593391,237.6,3.815,0.014323,6.5
CANDIDATE,43.08410127,23791.335898271922,1.38,0.28364628616454735,259.8950005434192
CANDIDATE,237.819002,614.2,11.324,0.022527,15.4
CANDIDATE,581.87357,905.6,14.64,0.027362,12.5
CANDIDATE,15.9961296,500.7,1.656,0.020119,10.7
CANDIDATE,213.63312404,23791.335898271922,2.54,0.28364628616454735,259.8950005434192
CANDIDATE,7.62210397,146.1,1.902,0.011018,9.2
CANDIDATE,0.9886684,126.6,2.023,0.010507,8.7
CANDIDATE,14.5555096,725.0,2.07,0.025166,8.1
CANDIDATE,114.12716,974.0,1.719,0.030705,6.3
CANDIDATE,17.0497376,478.6,3.271,0.028101,6.4
CANDIDATE,2.64181261,70.0,2.127,0.007917,12.7
CANDIDATE,583.8531,491.0,5.09,0.021006,5.4
CANDIDATE,72.782432,245.8,3.726,0.014005,8.5
CANDIDATE,10.552241908,954.0,2.7355,0.027406,12.3
CANDIDATE,440.171272,783.5,12.217,0.032546,38.0
CANDIDATE,37.537859,269.0,6.513,0.014979,8.2
CANDIDATE,474.96952,595.0,4.58,0.02321,6.4
CANDIDATE,74.624063,346.9,8.881,0.017122,11.0
CANDIDATE,416.9504,479.8,4.026,0.025788,6.9
CANDIDATE,574.65297,725.0,4.37,0.025444,7.4
CANDIDATE,21.9578446,96.6,1.038,0.008868,6.7
CANDIDATE,373.41509,1806.0,6.617,0.038118,10.0
CANDIDATE,107.904526,249.4,2.053,0.014396,6.1
CANDIDATE,282.029084,312.8,4.686,0.016613,8.1
CANDIDATE,3.1318392,159.9,1.632,0.011821,6.0
CANDIDATE,207.767894,320.6,5.21,0.017454,7.7
CANDIDATE,82.508054,351.9,3.806,0.016621,11.4
CANDIDATE,113.083522,130.7,10.315,0.0104,13.0
CANDIDATE,381.37504,286.5,16.57,0.015559,11.8
CANDIDATE,529.39169,319.9,10.869,0.016075,12.1
CANDIDATE,495.51899,297.6,3.592,0.016489,6.6
CANDIDATE,388.048463,149.6,3.456,0.011183,8.3
CANDIDATE,34.0269868,361.7,1.586,0.017904,6.2
CANDIDATE,173.219879,239.5,1.875,0.014561,5.7
CANDIDATE,511.882,610.0,4.822,0.023257,6.5
CANDIDATE,96.16705,270.7,2.775,0.014748,7.2
CANDIDATE,208.800733,594.0,1.964,0.022565,4.9
CANDIDATE,113.71363032,23791.335898271922,2.45,0.28364628616454735,259.8950005434192
CANDIDATE,17.634272,76.7,1.387,0.00782,9.7
CANDIDATE,208.047137,287.5,3.22,0.015645,6.9
CANDIDATE,30.561533,585.7,2.227,0.021046,6.9
CANDIDATE,292.09809,528.8,14.43,0.021637,11.4
CANDIDATE,578.21623,120.6,2.707,0.009991,3.5
CANDIDATE,56.648588,648.9,4.534,0.025661,11.8
CANDIDATE,53.554546,127.6,5.533,0.010812,8.9
CANDIDATE,119.079642,422.5,16.268,0.018231,18.0
CANDIDATE,20.5858591,260.2,3.069,0.015877,6.6
CANDIDATE,113.573945,249.6,3.007,0.014147,7.8
CANDIDATE,542.91133,750.1,15.9,0.025176,13.1
CANDIDATE,287.75613,1987.0,5.487,0.039865,6.6
CANDIDATE,189.961729,699.9,12.46,0.023873,11.9
CANDIDATE,202.18722766,23791.335898271922,2.77,0.28364628616454735,259.8950005434192
CANDIDATE,280.92070688,23791.335898271922,3.48,0.28364628616454735,259.8950005434192
CANDIDATE,169.415073,239.9,3.884,0.015394,9.8
CANDIDATE,57.7749373,283.6,4.731,0.015468,10.4
CANDIDATE,502.8356901,23791.335898271922,9.97,0.28364628616454735,259.8950005434192
CANDIDATE,81.704814,297.0,1.468,0.015898,5.8
CANDIDATE,578.21805,637.0,4.18,0.023475,5.3
CANDIDATE,317.009388,326.9,3.013,0.016272,7.5
CANDIDATE,482.51701,573.0,14.791,0.021978,10.3
CANDIDATE,7.77710639,77.4,3.418,0.007848,10.6
CANDIDATE,233.64574,2268.0,10.05,0.047626,7.6
CANDIDATE,27.285315,396.5,7.47,0.018366,9.6
CANDIDATE,445.351255,420.4,6.516,0.019095,10.6
CANDIDATE,97.5137491,279.8,2.655,0.015182,9.1
CANDIDATE,549.42772,719.1,6.09,0.024905,12.1
CANDIDATE,284.666844,418.0,2.752,0.018643,5.6
CANDIDATE,148.179343,466.6,12.733,0.019514,12.5
CANDIDATE,376.934014,382.4,4.28,0.018892,6.1
CANDIDATE,17.168095,143.1,13.04,0.023077,8.1
CANDIDATE,403.163148,681.1,5.735,0.023645,12.1
CANDIDATE,341.557931,433.0,3.365,0.020144,9.6
CANDIDATE,476.91977,193.6,5.07,0.013209,7.4
CANDIDATE,9.011888,987.6,4.167,0.03717,15.5
CANDIDATE,351.25069,1324.0,3.648,0.032459,6.5
CANDIDATE,65.3558881,1158.0,2.165,0.031252,9.6
CANDIDATE,39.399926,341.4,5.729,0.017476,9.4
CANDIDATE,270.1430241,23791.335898271922,6.32,0.28364628616454735,259.8950005434192
CANDIDATE,126.586058,124.9,5.41,0.011288,10.5
CANDIDATE,2.7200197,869.0,1.874,0.026506,8.5
CANDIDATE,18.347081,1126.6,2.825,0.030393,11.6
CANDIDATE,57.140035,1567.0,5.684,0.036227,7.2
CANDIDATE,31.707574649,787.3,7.6771,0.031358,5.5
CANDIDATE,9.3589254,1527.0,3.169,0.03519,8.9
CANDIDATE,4.15472242,2243.0,1.791,0.063974,19.7
CANDIDATE,87.565484,396.0,2.527,0.018172,6.7
CANDIDATE,535.1515,362.3,2.826,0.017373,8.6
CANDIDATE,495.40462,904.0,0.63,1.35192,5.5
CANDIDATE,353.65927,1018.0,4.543,0.028863,7.5
CANDIDATE,346.4174,662.0,9.23,0.023367,7.9
CANDIDATE,161.651504,253.6,2.509,0.015758,8.4
CANDIDATE,376.24253,185.7,4.064,0.012568,6.3
CANDIDATE,21.7997515,109.5,4.756,0.009617,8.7
CANDIDATE,54.595746,135.8,2.21,0.010802,8.7
CANDIDATE,585.64118,565.2,13.97,0.022331,12.5
CANDIDATE,502.98283916,23791.335898271922,2.94,0.28364628616454735,259.8950005434192
CANDIDATE,48.8130123,702.0,1.538,0.024374,8.8
CANDIDATE,441.61919,820.0,5.372,0.026475,7.8
CANDIDATE,318.49078,630.0,3.012,0.023412,6.3
CANDIDATE,362.0619,886.2,14.02,0.027809,13.5
CANDIDATE,11.374442708,27905.0,2.30694,0.259038,643.6
CANDIDATE,411.447056,285.2,3.481,0.015683,7.3
CANDIDATE,29.9371143,194.3,4.435,0.012571,11.6
CANDIDATE,651.358046,570.8,4.384,0.021318,11.0
CANDIDATE,33.3037881,272.4,3.003,0.014605,8.1
CANDIDATE,212.60398,188.5,5.74,0.012474,7.1
CANDIDATE,50.550788,154.5,2.353,0.011871,7.9
CANDIDATE,285.374561,482.3,4.865,0.019732,13.7
CANDIDATE,93.359737,38.3,5.397,0.005735,8.1
CANDIDATE,122.58481,318.9,22.37,0.016292,7.6
CANDIDATE,84.934357,129.7,3.169,0.010518,5.9
CANDIDATE,421.98194,173.1,13.799,0.01219,15.0
CANDIDATE,116.454312,2125.3,15.826,0.041405,30.0
CANDIDATE,397.499229,2629.7,8.019,0.048886,34.8
CANDIDATE,24.9093027,332.6,3.8,0.017666,10.4
CANDIDATE,192.138741,151.4,3.218,0.011257,8.2
CANDIDATE,281.95332,1039.0,2.756,0.030626,7.6
CANDIDATE,388.67155,371.3,11.701,0.017278,10.1
CANDIDATE,520.655224,314.9,12.94,0.016092,14.4
CANDIDATE,369.93355,995.0,7.6,0.028954,15.8
CANDIDATE,641.60204,237.3,16.762,0.014294,10.6
CANDIDATE,28.406342,223.6,2.598,0.01379,5.4
CANDIDATE,264.466625,437.3,6.371,0.019316,27.0
CANDIDATE,151.77884,189.7,2.615,0.012709,8.2
CANDIDATE,113.993156,69.7,7.721,0.008176,15.6
CANDIDATE,102.493119,636.1,2.814,0.031265,8.3
CANDIDATE,284.94212784,23791.335898271922,3.2,0.28364628616454735,259.8950005434192
CANDIDATE,6.13292733,58.7,1.561,0.007003,10.0
CANDIDATE,12.63063129,300.8,2.212,0.015742,9.5
CANDIDATE,286.02266,1036.0,10.43,0.029179,9.8
CANDIDATE,7.95445779,6269.4,4.6012,0.072733,228.4
CANDIDATE,331.70918,3463.0,7.44,77.534561,9.5
CANDIDATE,297.78282,392.4,18.38,0.018124,10.8
CANDIDATE,137.396194,155.4,17.61,0.01166,13.2
CANDIDATE,365.739893,300.7,1.218,0.016649,4.7
CANDIDATE,104.198102,652.2,3.2,0.023198,8.9
CANDIDATE,74.833577,86.4,3.247,0.008507,6.4
CANDIDATE,8.5852872,1406.0,2.834,0.033832,11.0
CANDIDATE,102.100752,194.2,2.009,0.013136,5.2
CANDIDATE,6.263491873,2829.0,0.8513,0.049515,35.1
CANDIDATE,335.43143,228.1,10.3,0.01382,6.8
CANDIDATE,558.21886,1539.4,13.556,0.035749,19.1
CANDIDATE,290.02002,172.5,23.87,0.012446,7.6
CANDIDATE,279.21957,333.5,10.015,0.017301,10.5
CANDIDATE,348.665961,391.2,3.849,0.017899,10.8
CANDIDATE,222.28056,271.9,3.035,0.015286,8.0
CANDIDATE,570.01886,428.5,3.52,0.018755,6.8
CANDIDATE,378.93139106,23791.335898271922,14.11,0.28364628616454735,259.8950005434192
CANDIDATE,580.85326788,23791.335898271922,16.63,0.28364628616454735,259.8950005434192
CANDIDATE,7.58062893,86.1,3.484,0.00854,10.9
CANDIDATE,248.421771,704.0,4.187,0.026949,8.8
CANDIDATE,551.22396,570.7,5.896,0.021706,17.2
CANDIDATE,395.94327,1506.0,16.09,0.034141,14.5
CANDIDATE,76.37924,276.3,0.645,0.016922,5.7
CANDIDATE,58.669218,169.4,3.712,0.011875,10.0
CANDIDATE,355.84731,123.9,16.68,0.010324,9.8
CANDIDATE,61.611129,82.9,14.96,0.008499,22.0
CANDIDATE,150.728285,213.5,2.718,0.013405,5.6
CANDIDATE,253.790434,604.0,3.702,0.022145,6.4
CANDIDATE,35.6606167,23791.335898271922,1.59,0.28364628616454735,259.8950005434192
CANDIDATE,587.38162,863.6,11.973,0.028445,12.8
CANDIDATE,7.07987663,309.8,2.589,0.015507,10.0
CANDIDATE,91.240335,206.1,2.314,0.013278,5.7
CANDIDATE,357.41382,777.0,3.675,0.025637,6.7
CANDIDATE,359.854745,302.4,3.429,0.017642,6.1
CANDIDATE,89.366114,494.0,3.945,0.020614,6.3
CANDIDATE,37.6259039,411.0,3.91,0.018992,11.7
CANDIDATE,100.41475198,23791.335898271922,1.72,0.28364628616454735,259.8950005434192
CANDIDATE,41.9934673,293.7,3.226,0.015566,9.4
CANDIDATE,94.67782,287.0,2.215,0.015477,5.9
CANDIDATE,290.196139,281.0,13.698,0.015371,15.7
CANDIDATE,175.452812,141.8,2.734,0.010969,6.1
CANDIDATE,367.07446,368.3,5.887,0.017647,6.6
CANDIDATE,366.684634,456.3,3.284,0.019839,9.1
CANDIDATE,291.306507,1132.0,2.91,0.030489,7.1
CANDIDATE,93.006,125.4,2.461,0.010359,6.7
CANDIDATE,26.46288074,23791.335898271922,1.4,0.28364628616454735,259.8950005434192
CANDIDATE,20.69920737,23791.335898271922,2.17,0.28364628616454735,259.8950005434192
CANDIDATE,466.002988,2363.6,10.278,0.051475,42.3
CANDIDATE,302.77571,1106.0,3.183,0.03016,7.1
CANDIDATE,115.19952922,23791.335898271922,2.67,0.28364628616454735,259.8950005434192
CANDIDATE,355.86134,1220.7,23.39,0.031879,15.2
CANDIDATE,236.506437,744.4,5.004,0.024357,10.6
CANDIDATE,19.3854894,4560.0,1.031,0.061464,2.7
CANDIDATE,416.87893121,23791.335898271922,4.45,0.28364628616454735,259.8950005434192
CANDIDATE,48.38798413,23791.335898271922,1.23,0.28364628616454735,259.8950005434192
CANDIDATE,357.588538,344.8,3.367,0.017246,7.2
CANDIDATE,545.205601,199.7,3.296,0.01313,7.1
CANDIDATE,105.053389,176.7,1.988,0.012324,5.8
CANDIDATE,24.7967294,970.5,4.278,0.037093,13.8
CANDIDATE,44.7060191,292.0,0.25,0.682839,6.6
CANDIDATE,125.277815,432.3,4.442,0.018635,11.0
CANDIDATE,27.2020672,180.3,1.811,0.012294,8.7
CANDIDATE,40.7282314,221.8,13.677,0.018806,19.4
CANDIDATE,183.38048452,23791.335898271922,3.25,0.28364628616454735,259.8950005434192
CANDIDATE,398.51312,249.2,5.41,0.014876,5.9
CANDIDATE,559.785594,274.8,3.496,0.015474,7.3
CANDIDATE,109.43946,187.1,3.801,0.012326,7.3
CANDIDATE,194.25835342,23791.335898271922,3.15,0.28364628616454735,259.8950005434192
CANDIDATE,164.507439,433.8,11.428,0.019279,11.7
CANDIDATE,370.84786,1440.0,13.966,0.041614,15.2
CANDIDATE,73.908995,100.5,3.916,0.009385,7.0
CANDIDATE,96.32561456,23791.335898271922,2.28,0.28364628616454735,259.8950005434192
CANDIDATE,212.646179,953.0,2.539,0.028341,5.4
CANDIDATE,251.48808,305.0,6.8,0.017704,6.4
CANDIDATE,32.4185265,110.7,5.154,0.010304,7.9
CANDIDATE,19.159760875,32491.0,3.10166,0.447952,900.3
CANDIDATE,32.033211,71.3,5.289,0.007707,9.2
CANDIDATE,43.3975622,585.3,3.908,0.021385,8.6
CANDIDATE,478.79185021,23791.335898271922,4.06,0.28364628616454735,259.8950005434192
CANDIDATE,22.2659599,61.3,4.816,0.007252,8.3
CANDIDATE,199.064336,265.0,13.623,0.016309,15.4
CANDIDATE,277.114286,567.1,3.926,0.021302,10.4
CANDIDATE,323.159363,368.6,2.427,0.017259,7.4
CANDIDATE,21.512259,131.3,4.337,0.010344,7.1
CANDIDATE,303.226376,1464.0,1.802,0.035058,12.7
CANDIDATE,22.8631517,103.3,1.659,0.00909,8.5
CANDIDATE,97.942437,100.2,2.575,0.009176,7.8
CANDIDATE,493.30572,404.5,5.425,0.018001,7.2
CANDIDATE,449.87203,1130.0,6.539,0.030192,10.5
CANDIDATE,419.93373,285.0,10.29,0.01585,12.0
CANDIDATE,322.221973,465.6,7.531,0.019817,8.9
CANDIDATE,235.413973,1027.0,3.065,0.029306,6.9
CANDIDATE,366.68293,1075.0,3.854,0.033201,6.4
CANDIDATE,240.57135,921.5,11.164,0.028417,36.9
CANDIDATE,217.792748,1487.0,4.695,0.043916,16.6
CANDIDATE,388.03884851,23791.335898271922,4.44,0.28364628616454735,259.8950005434192
CANDIDATE,4.76815507,61.0,2.115,0.006925,9.2
CANDIDATE,49.49059818,23791.335898271922,1.61,0.28364628616454735,259.8950005434192
CANDIDATE,364.18129,469.5,6.65,0.019149,7.0
CANDIDATE,37.7935113,67.2,1.718,0.007533,6.9
CANDIDATE,172.621943,788.0,4.435,0.025576,3.4
CANDIDATE,264.708077,461.3,3.975,0.019432,6.3
CANDIDATE,8.67237968,99.1,2.826,0.009044,12.3
CANDIDATE,35.9216912,221.3,0.585,0.015255,5.6
CANDIDATE,102.300622,781.2,4.473,0.03432,13.0
CANDIDATE,359.8455,503.9,34.84,0.020375,12.3
CANDIDATE,22.7783121,155.6,1.037,0.011708,7.3
CANDIDATE,114.406187,1306.0,4.92,0.03211,11.4
CANDIDATE,132.114,216.8,2.514,0.013051,5.7
CANDIDATE,623.2344,602.8,14.448,0.022285,15.8
CANDIDATE,46.16051579,23791.335898271922,2.37,0.28364628616454735,259.8950005434192
CANDIDATE,217.170081,937.0,4.291,85.19371,9.5
CANDIDATE,287.33114,406.7,12.722,0.018829,19.7
CANDIDATE,189.456089,453.0,3.077,0.019638,5.4
CANDIDATE,230.358183,1023.0,2.031,0.029765,6.2
CANDIDATE,211.54114,751.0,5.4,0.025025,5.3
CANDIDATE,88.523517,828.0,7.22,0.031674,7.7
CANDIDATE,134.35872,75.2,13.3,0.008084,16.5
CANDIDATE,55.01469183,23791.335898271922,2.34,0.28364628616454735,259.8950005434192
CANDIDATE,198.781156,138.3,6.77,0.010874,10.3
CANDIDATE,111.149082,394.2,2.911,0.018047,5.9
CANDIDATE,284.87177,106.7,15.63,0.009524,10.1
CANDIDATE,190.860818,512.0,2.823,0.020979,6.2
CANDIDATE,374.41813,430.2,17.9,0.019694,8.9
CANDIDATE,263.30198,377.6,2.213,0.017752,5.6
CANDIDATE,370.31761,1885.0,12.588,0.038964,15.1
CANDIDATE,37.959659,287.9,2.793,0.015618,6.9
CANDIDATE,405.6296,304.3,11.26,0.016212,5.8
CANDIDATE,11.8307724,136.0,8.791,0.011053,12.4
CANDIDATE,434.28175,663.1,8.14,0.023645,12.8
CANDIDATE,33.814176,222.6,7.69,0.013689,8.1
CANDIDATE,16.2957847,409.8,5.16,0.019312,14.2
CANDIDATE,28.201998,23791.335898271922,3.86,0.28364628616454735,259.8950005434192
CANDIDATE,58.92565,44.7,14.56,0.006219,5.3
CANDIDATE,19.2405821,207.4,4.99,0.012881,9.0
CANDIDATE,28.684308,282.3,4.64,0.015041,9.1
CANDIDATE,265.29617,608.0,4.1,0.02249,5.9
CANDIDATE,58.940569,570.3,4.769,0.022938,9.2
CANDIDATE,14.1502311,208.1,1.503,0.012874,9.3
CANDIDATE,486.12702,120.6,9.495,0.01017,8.1
CANDIDATE,140.24408749,23791.335898271922,5.43,0.28364628616454735,259.8950005434192
CANDIDATE,48.04066636,23791.335898271922,1.62,0.28364628616454735,259.8950005434192
CANDIDATE,12.008552,76.6,4.613,0.009682,11.8
CANDIDATE,10.4314847,59.1,2.09,0.009133,9.6
CANDIDATE,47.5571352,339.0,1.708,0.017684,6.7
CANDIDATE,27.2497521,102.0,11.609,0.009088,14.6
CANDIDATE,16.9972894,225.0,2.585,0.015447,11.1
CANDIDATE,93.05654364,23791.335898271922,2.34,0.28364628616454735,259.8950005434192
CANDIDATE,88.433122,120.4,2.392,0.010199,4.0
CANDIDATE,282.34315,220.5,3.956,0.014083,3.7
CANDIDATE,1.645319649,1082.0,1.635,0.029805,11.8
CANDIDATE,15.3573445,117.1,1.634,0.013216,9.6
CANDIDATE,77.792718,287.9,6.08,0.015988,9.1
CANDIDATE,163.51489847,23791.335898271922,3.08,0.28364628616454735,259.8950005434192
CANDIDATE,5.288547653,2185.3,3.2646,0.055215,218.9
CANDIDATE,294.055263,770.0,14.32,0.025404,21.1
CANDIDATE,126.505657,95.5,8.836,0.009097,3.7
CANDIDATE,117.684591,134.6,2.219,0.010894,5.3
CANDIDATE,46.245164,492.1,5.663,0.02036,15.5
CANDIDATE,9.7043379,129.0,3.515,0.010444,8.6
CANDIDATE,34.775371,38.8,2.93,0.005825,5.7
CANDIDATE,0.306702491,138.8,0.9074,0.010797,21.9
CANDIDATE,12.7713826,141.8,3.347,0.011084,8.0
CANDIDATE,42.294739,254.2,34.63,0.163499,25.2
CANDIDATE,1.444486083,980.7,1.437,0.028315,12.0
CANDIDATE,11.6089351,199.6,2.957,0.120487,8.7
CANDIDATE,14.2378417,193.0,4.86,0.012587,10.5
CANDIDATE,10.8206034,116.7,2.848,0.0103,7.3
CANDIDATE,10.2090268,36.7,6.264,0.005552,9.8
CANDIDATE,54.2916336,97.8,3.364,0.009748,7.9
CANDIDATE,122.8054416,313.0,2.663,0.361369,10.6
CANDIDATE,37.8404232,232.6,6.408,0.014016,23.7
CANDIDATE,47.25643291,23791.335898271922,2.0,0.28364628616454735,259.8950005434192
CANDIDATE,32.0273169,161.7,5.144,0.011529,8.8
CANDIDATE,8.75630628,81.9,2.852,0.008347,9.8
CANDIDATE,9.6183111,25.0,4.215,0.004666,11.9
CANDIDATE,0.518060209,2258.4,1.8062,0.317784,140.6
CANDIDATE,17.3695112,314.0,4.012,0.015932,8.6
CANDIDATE,17.8693759,63.0,6.886,0.007351,9.8
CANDIDATE,17.236085,330.0,4.209,0.016355,10.4
CANDIDATE,485.92297,122.9,3.756,0.010284,5.5
CANDIDATE,9.6550473,313.1,2.752,0.015707,12.2
CANDIDATE,228.65412,179.1,2.487,0.012437,6.6
CANDIDATE,12.7143635,524.8,3.101,0.020912,9.9
CANDIDATE,80.4103783,591.4,3.487,0.026973,14.0
CANDIDATE,1.93188768,37.8,1.087,0.00568,8.8
CANDIDATE,5.2449156,35.5,8.367,0.005433,11.7
CANDIDATE,168.66934782,23791.335898271922,4.07,0.28364628616454735,259.8950005434192
CANDIDATE,571.280892,460.7,21.827,0.020623,37.8
CANDIDATE,4.66185924,49.3,3.164,0.006553,15.8
CANDIDATE,1.213672208,2731.0,1.3644,6.416173,24.8
CANDIDATE,90.097375,282.6,12.697,0.015404,11.5
CANDIDATE,7.72966941,426.7,2.091,0.02003,8.4
CANDIDATE,51.85656556,23791.335898271922,2.21,0.28364628616454735,259.8950005434192
CANDIDATE,154.536881,258.5,15.44,0.014896,3.5
CANDIDATE,87.707513,578.0,2.184,0.021868,7.1
CANDIDATE,437.51586139,23791.335898271922,4.16,0.28364628616454735,259.8950005434192
CANDIDATE,8.97377221,106.5,2.135,0.009575,9.4
CANDIDATE,205.41415,283.8,10.26,0.015445,7.9
CANDIDATE,114.27173902,23791.335898271922,2.19,0.28364628616454735,259.8950005434192
CANDIDATE,26.40805532,23791.335898271922,2.7,0.28364628616454735,259.8950005434192
CANDIDATE,46.07931317,23791.335898271922,1.87,0.28364628616454735,259.8950005434192
CANDIDATE,24.8434837,217.4,4.8,0.01415,14.2
CANDIDATE,7.7016694,155.7,10.898,0.011266,17.8
CANDIDATE,4.67250377,79.6,4.441,0.010287,13.8
CANDIDATE,21.9711574,178.1,5.012,0.012115,7.8
CANDIDATE,144.688915,397.1,9.468,0.017821,11.6
CANDIDATE,1.54287434,401.4,1.1121,0.017873,20.7
CANDIDATE,33.3200908,6186.9,6.5265,0.072094,84.5
CANDIDATE,91.20573037,23791.335898271922,4.17,0.28364628616454735,259.8950005434192
CANDIDATE,7.07394528,228.3,2.319,0.013779,9.5
CANDIDATE,14.516741,227.2,2.706,0.016064,10.1
CANDIDATE,20.5718107,379.0,3.399,0.017281,13.0
CANDIDATE,11.867172,595.6,4.815,0.022359,13.4
CANDIDATE,142.685885,1195.0,3.792,0.031609,9.3
CANDIDATE,12.4970599,180.0,3.877,0.012948,10.6
CANDIDATE,6.06330298,200.7,3.275,0.013024,13.1
CANDIDATE,86.431871,415.1,7.374,0.023463,11.2
CANDIDATE,26.1152887,70.0,12.54,0.0075,10.6
CANDIDATE,269.306232,1708.0,14.931,0.269007,18.1
CANDIDATE,96.509214,1528.0,0.589,2.666063,3.8
CANDIDATE,69.64679311,23791.335898271922,3.71,0.28364628616454735,259.8950005434192
CANDIDATE,111.65546,2887.0,1.051,10.425711,7.0
CANDIDATE,86.13201864,23791.335898271922,3.11,0.28364628616454735,259.8950005434192
CANDIDATE,47.14404783,23791.335898271922,4.35,0.28364628616454735,259.8950005434192
CANDIDATE,197.05431574,23791.335898271922,6.38,0.28364628616454735,259.8950005434192
CANDIDATE,406.496216,380.2,3.495,0.018296,6.9
CANDIDATE,491.61516814,23791.335898271922,6.31,0.28364628616454735,259.8950005434192
CANDIDATE,499.47338,1662.0,12.248,0.041532,15.7
CANDIDATE,7.3138454,247.7,2.273,0.016831,9.2
CANDIDATE,212.43503674,23791.335898271922,4.26,0.28364628616454735,259.8950005434192
CANDIDATE,11.1619384,124.4,5.195,0.011022,13.4
CANDIDATE,76.83994597,23791.335898271922,3.11,0.28364628616454735,259.8950005434192
CANDIDATE,78.86684,86.1,4.5,0.008627,4.8
CANDIDATE,28.8672107,347.1,3.782,0.016563,12.0
CANDIDATE,48.9528113,23791.335898271922,1.66,0.28364628616454735,259.8950005434192
CANDIDATE,431.78556,332.6,9.135,0.016648,9.4
CANDIDATE,144.102562,171.3,2.753,0.012104,4.1
CANDIDATE,112.317402,182.4,3.471,0.012832,7.8
CANDIDATE,9.13315062,231.2,2.1557,0.014047,23.0
CANDIDATE,335.56311,158.0,13.06,0.011552,7.2
CANDIDATE,154.607419,279.9,9.225,0.015319,13.4
CANDIDATE,57.132855,414.1,4.958,0.018363,11.0
CANDIDATE,28.2251049,201.3,2.354,0.01426,8.9
CANDIDATE,150.381954,396.1,4.968,0.021711,7.8
CANDIDATE,95.906433,836.2,4.08,0.027054,11.0
CANDIDATE,445.21685,211.6,16.37,0.013227,11.1
CANDIDATE,35.502865,115.9,8.149,0.010848,11.0
CANDIDATE,66.789347,358.5,4.08,0.018351,9.5
CANDIDATE,6.150251376,2128.7,1.68923,0.319491,471.0
CANDIDATE,29.5126153,188.2,6.314,0.01247,9.4
CANDIDATE,455.27405,366.0,2.4,0.01719,4.5
CANDIDATE,117.761,53.9,3.454,0.006687,7.1
CANDIDATE,46.331703,299.9,4.514,0.015637,9.4
CANDIDATE,7.1931193,125.6,2.935,0.010194,10.7
CANDIDATE,47.7439509,96.9,2.99,0.012349,15.0
CANDIDATE,4.57834367,140.7,3.987,0.010812,11.4
CANDIDATE,12.654896,100.6,4.325,0.009121,10.4
CANDIDATE,131.258668,153.0,4.89,0.011652,8.5
CANDIDATE,92.552007,282.6,2.135,0.015755,7.3
CANDIDATE,75.072964,74.3,9.21,0.007983,7.1
CANDIDATE,31.8134892,234.2,1.422,0.013972,5.2
CANDIDATE,115.230655,164.4,17.735,0.014633,21.3
CANDIDATE,106.25976,354.0,6.101,0.016656,7.7
CANDIDATE,505.462916,1724.0,10.127,0.038043,17.6
CANDIDATE,274.743032,309.0,9.137,0.016394,12.2
CANDIDATE,360.477635,604.0,4.332,71.862778,7.3
CANDIDATE,18.0811429,71.2,4.44,0.008065,5.7
CANDIDATE,5.902596818,54894.0,5.5711,0.215997,533.9
CANDIDATE,214.013044,123.2,7.87,0.010275,9.0
CANDIDATE,143.09688,125.0,17.74,0.010343,6.4
CANDIDATE,73.4567573,23791.335898271922,2.74,0.28364628616454735,259.8950005434192
CANDIDATE,13.0327301,242.3,3.902,0.015088,11.1
CANDIDATE,31.9533679,106.1,8.424,0.010307,15.2
CANDIDATE,458.16754,683.0,6.97,0.023647,5.6
CANDIDATE,67.8766605,389.2,2.598,0.018053,9.1
CANDIDATE,25.0901574,37.7,8.273,0.006937,12.1
CANDIDATE,326.6708,386.4,10.84,0.018788,10.8
CANDIDATE,143.21109362,23791.335898271922,2.71,0.28364628616454735,259.8950005434192
CANDIDATE,362.97828,260.6,14.083,0.014788,13.0
CANDIDATE,240.192808,605.8,9.72,0.025124,12.0
CANDIDATE,86.723653,241.0,4.852,0.014997,9.4
CANDIDATE,36.566324,2943.0,4.832,0.048923,8.1
CANDIDATE,20.5736113,76.0,11.222,0.007808,12.3
CANDIDATE,0.954388314,57.2,6.26,0.007467,56.3
CANDIDATE,5.77451117,156.3,3.752,0.011499,11.2
CANDIDATE,10.1384691,92.8,4.026,0.008748,9.1
CANDIDATE,8.6040858,87.6,3.01,0.008743,6.4
CANDIDATE,65.415183,417.1,4.224,0.018514,8.9
CANDIDATE,72.28198,1265.0,2.478,0.033111,5.4
CANDIDATE,371.70965709,23791.335898271922,4.65,0.28364628616454735,259.8950005434192
CANDIDATE,75.906736,26.9,11.64,0.004771,9.2
CANDIDATE,2.15888911,102.4,1.791,0.009185,9.9
CANDIDATE,17.5806026,138.8,4.17,0.012611,8.4
CANDIDATE,2.71772323,70.3,3.22,0.007496,9.3
CANDIDATE,23.9830523,83.2,8.77,0.008278,11.3
CANDIDATE,134.413808,206.1,13.907,0.013076,12.5
CANDIDATE,347.97611,341.3,16.77,0.016926,11.9
CANDIDATE,11.8187288,249.0,4.017,0.014436,10.3
CANDIDATE,5.78901936,110.3,3.102,0.009509,7.8
CANDIDATE,12.26708306,23791.335898271922,2.7,0.28364628616454735,259.8950005434192
CANDIDATE,6.33342309,123.3,3.46,0.113908,7.5
CANDIDATE,5.522479,33.1,2.666,0.005574,8.6
CANDIDATE,9.4588054,270.0,3.66,0.01527,8.6
CANDIDATE,71.008017,170.2,5.395,0.011971,6.6
CANDIDATE,2.90805147,103.1,2.812,0.01017,8.3
CANDIDATE,2.56271232,29.4,2.163,0.004923,8.2
CANDIDATE,15.08186,81.6,4.004,0.008867,7.1
CANDIDATE,2.44693823,26.4,0.954,0.00495,9.0
CANDIDATE,13.05609,170.8,3.498,0.011992,10.8
CANDIDATE,3.64049242,42.1,1.194,0.005936,9.5
CANDIDATE,5.1581317,37.9,7.773,0.005502,13.0
CANDIDATE,25.9136674,109.7,10.498,0.013137,16.1
CANDIDATE,6.96197304,151.3,2.806,0.010933,8.8
CANDIDATE,7.8935324,47.6,3.444,0.006404,8.3
CANDIDATE,1.320499473,204.0,1.184,0.012893,12.0
CANDIDATE,13.1538409,104.6,11.56,0.009369,10.6
CANDIDATE,36.0484798,127.6,5.763,0.01029,8.5
CANDIDATE,4.2742605,263.8,2.687,0.015001,11.4
CANDIDATE,27.556452,289.2,8.23,0.015347,6.7
CANDIDATE,566.28176,1200.0,20.39,0.031803,8.9
CANDIDATE,0.52740121,1316.0,4.807,0.033391,31.1
CANDIDATE,1.400903699,136.5,0.883,0.0109,9.8
CANDIDATE,17.3816224,59099.0,2.73456,0.238323,1149.7
CANDIDATE,28.655498,173.6,8.58,0.01209,10.1
CANDIDATE,13.4450174,196.2,2.118,0.013056,8.3
CANDIDATE,26.1556767,295.0,1.542,0.015481,7.0
CANDIDATE,4.60687717,258.7,2.295,0.01465,7.5
CANDIDATE,502.20642,447.9,9.39,0.027256,7.1
CANDIDATE,8.3613732,104.7,3.649,0.009364,9.5
CANDIDATE,10.5113779,29.9,4.74,0.00507,8.8
CANDIDATE,1.58487898,42.9,1.791,0.006011,9.3
CANDIDATE,20.9525604,232.9,3.986,0.01516,9.8
CANDIDATE,3.72920972,14.4,5.012,0.003585,9.6
CANDIDATE,5.704593,129.9,1.149,0.010452,8.5
CANDIDATE,1.36752316,61.0,1.208,0.007198,11.7
CANDIDATE,1.9997244,85.1,1.976,0.008536,8.9
CANDIDATE,14.137062,393.0,2.264,0.017714,7.5
CANDIDATE,4.78113942,105.8,2.733,0.009326,9.6
CANDIDATE,7.18864064,133.5,2.364,0.010693,9.3
CANDIDATE,27.122801,234.7,5.255,0.014111,8.1
CANDIDATE,5.62241111,464.1,1.185,0.019835,8.5
CANDIDATE,11.2901559,163.8,10.475,0.012221,8.6
CANDIDATE,28.24753303,23791.335898271922,13.2,0.28364628616454735,259.8950005434192
CANDIDATE,7.1356633,255.5,1.789,0.015893,9.8
CANDIDATE,14.5909249,146.9,1.591,0.011062,6.3
CANDIDATE,11.8496351,183.8,3.319,0.012962,9.6
CANDIDATE,455.62395,1112.1,13.07,0.030751,14.0
CANDIDATE,1.75173647,68.4,5.122,0.008072,10.2
CANDIDATE,407.14656,82.3,23.26,0.008994,8.2
CANDIDATE,487.83894,453.3,32.77,0.019229,8.8
CANDIDATE,6.853888,653.8,2.561,0.023359,8.2
CANDIDATE,7.34672485,143.0,2.136,0.010778,10.1
CANDIDATE,6.933574,276.7,2.43,0.015042,8.0
CANDIDATE,0.673141323,229.5,0.921,0.013791,10.5
CANDIDATE,8.60965352,63.2,2.218,0.007199,9.9
CANDIDATE,13.8911152,204.9,5.062,0.013015,10.3
CANDIDATE,6.76890076,123.1,3.616,0.010077,10.8
CANDIDATE,1.96134311,207.8,11.856,0.173014,59.5
CANDIDATE,486.77832,370.8,15.29,0.017214,10.4
CANDIDATE,28.2682167,197.0,1.355,0.01329,6.0
CANDIDATE,1.6037058,32.8,9.067,0.005632,22.4
CANDIDATE,0.70965042,223.4,1.318,0.013629,9.4
CANDIDATE,3.62657392,98.5,1.791,0.009052,10.7
CANDIDATE,0.902403563,4759.5,1.7129,0.074796,220.3
CANDIDATE,8.7998722,270.3,1.153,0.014814,7.4
CANDIDATE,6.87778029,124.0,3.199,0.01024,10.1
CANDIDATE,12.9489256,331.0,2.162,0.016341,7.2
CANDIDATE,130.235324,750.1,5.678,0.024722,9.7
CANDIDATE,17.1677675,335.1,2.975,0.016943,7.4
CANDIDATE,8.50207749,117.3,3.057,0.009619,10.5
CANDIDATE,1.322475635,997.3,5.307,0.234504,53.9
CANDIDATE,3.773744,85.2,15.2,0.010794,5.7
CANDIDATE,18.1772927,213.1,4.703,0.013378,7.9
CANDIDATE,3.09872834,248.0,1.89,0.014297,10.1
CANDIDATE,19.9310602,97.9,8.48,0.008906,14.2
CANDIDATE,0.813998812,183.4,0.675,0.012555,13.7
CANDIDATE,14.7639145,162.5,3.14,0.01158,7.7
CANDIDATE,1.118510435,72.7,1.111,0.00789,9.9
CANDIDATE,2.64185268,149.8,1.76,0.011112,7.9
CANDIDATE,2.54031121,173.3,1.83,0.012081,10.1
CANDIDATE,1.371587993,456.1,12.901,0.028042,43.3
CANDIDATE,5.89773974,77.9,2.243,0.008134,8.1
CANDIDATE,1.74145041,370.6,1.712,0.017531,10.9
CANDIDATE,20.2944118,453.9,0.357,7.728274,5.6
CANDIDATE,17.9908273,660.0,1.436,0.022928,10.9
CANDIDATE,198.11309,53.3,15.59,0.006707,8.3
CANDIDATE,5.70509519,283.6,1.58,0.015647,9.2
CANDIDATE,129.847318,198.4,13.057,0.012907,11.1
CANDIDATE,0.8867443,23791.335898271922,3.16,0.28364628616454735,259.8950005434192
CANDIDATE,2.28494301,161.8,1.01,0.01156,10.6
CANDIDATE,439.21978,342.3,9.392,0.017205,10.3
CANDIDATE,22.2548897,83.8,13.454,0.008284,11.8
CANDIDATE,1.01485981,243.0,1.65,0.014362,8.4
CANDIDATE,15.3902613,76.8,3.431,0.008048,9.4
CANDIDATE,279.036565,395.2,31.92,0.217619,31.7
CANDIDATE,26.8552365,194.2,2.185,0.014325,6.7
CANDIDATE,16.2347636,115.5,4.2,0.009904,10.7
CANDIDATE,2.3518268,576.6,5.797,0.255735,24.5
CANDIDATE,3.57944367,117.2,1.869,0.009952,8.5
CANDIDATE,8.2553499,54.5,3.959,0.00834,10.0
CANDIDATE,10.6982275,246.0,3.198,0.014411,9.1
CANDIDATE,7.20558084,58.0,2.997,0.007176,8.7
CANDIDATE,392.50115,391.2,9.88,0.017596,8.9
CANDIDATE,5.29655591,135.4,3.93,0.010809,9.3
CANDIDATE,8.8324193,74.1,2.252,0.007933,8.1
CANDIDATE,5.88836941,119.9,1.05,0.01018,8.3
CANDIDATE,521.10826,244.7,18.36,0.014478,8.7
CANDIDATE,3.39401963,98.4,2.984,0.009127,10.0
CANDIDATE,5.52507406,61.5,2.565,0.007094,9.8
CANDIDATE,3.226232203,36.3,0.4022,0.006444,9.9
CANDIDATE,2.352446342,32.5,1.6802,0.005663,7.2
CANDIDATE,3.90735046,109.3,2.896,0.009441,10.0
CANDIDATE,377.501257,541.4,11.98,0.021072,13.9
CANDIDATE,7.1969168,47.1,4.525,0.006392,10.4
CANDIDATE,0.947554749,65.4,1.097,0.00734,12.4
CANDIDATE,50.271927,574.5,6.073,0.022157,9.3
CANDIDATE,128.208643,212.2,2.745,0.014778,8.9
CANDIDATE,6.63448023,71.2,3.603,0.007791,10.3
CANDIDATE,1.002591901,143.2,1.247,0.010829,11.1
CANDIDATE,3.37116682,71.4,4.708,0.007721,9.8
CANDIDATE,6.613671,32.8,4.211,0.005244,10.2
CANDIDATE,1.48062814,62.5,2.898,0.007436,10.3
CANDIDATE,2.68814059,145.2,1.12,0.011448,9.1
CANDIDATE,97.991569,126.8,4.665,0.011037,9.0
CANDIDATE,1.057080807,60.6,1.82,0.009363,11.3
CANDIDATE,317.062416,442.9,7.438,0.020361,9.8
CANDIDATE,13.4959496,253.6,2.085,0.014581,7.3
CANDIDATE,43.2675604,69.1,8.331,0.008532,10.0
CANDIDATE,11.3251153,297.2,2.126,0.015813,7.0
CANDIDATE,16.9163386,64.2,2.521,0.007691,6.3
CANDIDATE,37.0200232,581.0,1.421,0.022145,6.6
CANDIDATE,0.565713361,86.4,0.954,0.008445,11.6
CANDIDATE,82.97062172,23791.335898271922,8.22,0.28364628616454735,259.8950005434192
CANDIDATE,5.22422449,23791.335898271922,4.56,0.28364628616454735,259.8950005434192
CANDIDATE,22.50053441,23791.335898271922,7.44,0.28364628616454735,259.8950005434192
CANDIDATE,4.88698386,125.4,1.127,0.0109,10.1
CANDIDATE,8.47484677,217.8,2.067,0.015752,9.7
CANDIDATE,13.56092626,23791.335898271922,2.53,0.28364628616454735,259.8950005434192
CANDIDATE,34.0357766,386.6,3.849,0.019173,9.6
CANDIDATE,42.48452259,23791.335898271922,4.16,0.28364628616454735,259.8950005434192
CANDIDATE,4.74701479,3622.0,2.464,63.561352,10.1
CANDIDATE,1.96682825,214.3,1.645,0.01358,9.5
CANDIDATE,4.237447181,350.1,0.3792,0.020826,11.1
CANDIDATE,4.0953585,226.8,44.35,0.041799,60.2
CANDIDATE,0.92623983,411.4,1.267,0.018003,9.1
CANDIDATE,0.875197345,0.0,0.052,0.003712,0.0
CANDIDATE,13.2298203,157.8,3.566,0.011692,10.0
CANDIDATE,3.71840884,77.2,3.611,0.008047,9.6
CANDIDATE,5.32737192,107.7,2.226,0.009419,6.8
CANDIDATE,5.90260586,337.7,1.832,0.01638,8.2
CANDIDATE,22.80265,53.1,19.34,0.006509,11.8
CANDIDATE,29.9315174,353.0,2.53,0.017879,5.6
CANDIDATE,0.602277579,34.6,2.38,0.005841,26.7
CANDIDATE,27.2173855,155.9,3.268,0.012067,6.7
CANDIDATE,6.27651592,166.0,1.973,0.011632,8.9
CANDIDATE,16.214474,161.7,4.149,0.012247,9.4
CANDIDATE,0.9951412,101.7,5.588,0.018188,17.6
CANDIDATE,43.535891,576.6,4.712,0.021864,13.9
CANDIDATE,4.7368156,35.3,2.84,0.005463,6.9
CANDIDATE,40.7698541,239.8,2.997,0.014137,8.8
CANDIDATE,129.222771,445.3,7.272,0.022805,12.0
CANDIDATE,5.01880305,98.7,1.823,0.009155,10.3
CANDIDATE,23.59919017,23791.335898271922,2.05,0.28364628616454735,259.8950005434192
CANDIDATE,299.70688,230.7,15.39,0.013829,8.6
CANDIDATE,14.461834,80.2,7.156,0.008045,9.0
CANDIDATE,4.48538145,168.1,2.297,0.011912,8.2
CANDIDATE,4.84847245,554.7,0.874,0.021308,11.4
CANDIDATE,11.8436119,199.3,6.044,0.012914,10.4
CANDIDATE,4.88446644,221.0,2.057,0.014899,9.1
CANDIDATE,8.9772888,97.5,4.72,0.009644,10.3
CANDIDATE,3.03359398,95.6,4.026,0.008811,12.3
CANDIDATE,21.9139549,584.4,3.271,0.226556,11.8
CANDIDATE,9.3888216,192.7,4.154,0.154393,9.6
CANDIDATE,2.6528082,153.1,2.297,0.011494,9.8
CANDIDATE,2.43135542,123.6,1.401,0.010274,9.3
CANDIDATE,12.54474243,263.1,1.24,0.014829,10.8
CANDIDATE,3.07551068,46.1,1.683,0.006171,10.1
CANDIDATE,6.29340543,96.4,3.024,0.009164,8.7
CANDIDATE,7.7021729,74.6,3.987,0.008061,9.5
CANDIDATE,2.52557582,35.4,2.32,0.005487,10.7
CANDIDATE,8.2927558,103.3,4.784,0.009775,8.4
CANDIDATE,22.786522,228.3,2.197,0.014069,7.9
CANDIDATE,1.284241817,166.5,1.965,0.011768,13.3
CANDIDATE,15.9474242,191.7,1.127,0.012609,6.5
CANDIDATE,50.0122,210.4,3.426,0.01348,8.3
CANDIDATE,5.60682001,150.7,2.714,0.011169,9.9
CANDIDATE,3.17796408,47.7,0.542,0.00811,6.0
CANDIDATE,3.66520844,65.8,3.308,0.007315,10.3
CANDIDATE,3.05293416,227.5,2.155,0.013736,10.1
CANDIDATE,12.834857,293.9,2.092,0.015581,9.4
CANDIDATE,36.2530992,152.1,4.73,0.012116,8.3
CANDIDATE,4.02321842,81.2,2.162,0.008289,9.8
CANDIDATE,7.5017934,134.8,4.271,0.010735,9.8
CANDIDATE,0.912351255,111.8,1.072,0.012879,9.1
CANDIDATE,12.4701111,89.7,3.616,0.008943,9.3
CANDIDATE,5.8229815,281.6,2.8,0.015533,8.1
CANDIDATE,0.576732089,35.4,1.856,0.005496,9.1
CANDIDATE,10.9279755,71.5,2.486,0.007748,7.3
CANDIDATE,7.918267,83.7,3.478,0.008395,8.4
CANDIDATE,10.2170589,121.3,2.259,0.010155,7.9
CANDIDATE,86.95432088,23791.335898271922,12.11,0.28364628616454735,259.8950005434192
CANDIDATE,27.5837778,202.5,1.516,0.012769,8.5
CANDIDATE,3.14735789,51.8,3.643,0.006417,9.3
CANDIDATE,2.61090223,222.5,1.976,0.015351,10.7
CANDIDATE,17.6637979,67.9,6.194,0.008026,9.7
CANDIDATE,4.02664625,30.0,3.771,0.005015,8.9
CANDIDATE,5.1777226,41.7,8.275,0.005867,6.1
CANDIDATE,9.48814747,47.9,1.163,0.006578,11.1
CANDIDATE,5.06993245,93.6,3.241,0.00895,11.6
CANDIDATE,9.78184193,23791.335898271922,2.3,0.28364628616454735,259.8950005434192
CANDIDATE,8.1770751,44.3,4.608,0.006261,10.6
CANDIDATE,569.45051,425.4,9.63,0.018909,8.2
CANDIDATE,4.84505985,298.4,2.078,0.019781,10.7
CANDIDATE,623.70774,250.9,6.688,0.01465,10.2
CANDIDATE,10.95210361,23791.335898271922,1.5,0.28364628616454735,259.8950005434192
CANDIDATE,2.70581614,46.9,6.56,0.00656,41.8
CANDIDATE,3.84615171,137.1,2.24,0.010763,9.3
CANDIDATE,1.28940823,32.1,3.652,0.005428,10.3
CANDIDATE,498.27269,534.0,8.92,0.020824,6.6
CANDIDATE,11.0495766,102.8,2.13,0.009266,5.7
CANDIDATE,13.8086331,207.1,3.613,0.013064,9.0
CANDIDATE,4.25907841,28.1,4.513,0.004852,11.5
CANDIDATE,64.1983721,248.2,0.934,0.014753,6.8
CANDIDATE,82.78482,190.4,7.52,0.013391,8.4
CANDIDATE,2.4376438,27.1,1.587,0.004757,8.8
CANDIDATE,0.721522907,22528.0,1.4521,0.161792,815.3
CANDIDATE,19.1644498,63.8,3.553,0.007503,8.9
CANDIDATE,4.15736472,200.7,2.217,0.012759,11.2
CANDIDATE,2.012094,74.8,2.157,0.00782,9.1
CANDIDATE,9.4767057,230.5,3.893,0.013848,8.6
CANDIDATE,6.65171459,151.5,2.325,0.011219,10.0
CANDIDATE,208.54335,614.6,9.851,0.022302,10.4
CANDIDATE,17.7189786,176.8,4.102,0.011983,9.7
CANDIDATE,5.0395851,70.1,4.556,0.007685,9.6
CANDIDATE,7.64370363,70.9,2.738,0.008476,13.2
CANDIDATE,5.11683678,161.4,3.119,0.011703,9.2
CANDIDATE,16.1191449,262.2,3.039,0.015667,8.2
CANDIDATE,17.9925973,198.5,2.762,0.013684,8.7
CANDIDATE,74.371666,102.8,12.59,0.009895,12.1
CANDIDATE,19.164111,215.9,2.773,0.015058,8.1
CANDIDATE,13.5164708,140.1,2.628,0.010754,7.1
CANDIDATE,4.83014159,192.0,0.957,0.012676,11.7
CANDIDATE,2.41194057,67.3,1.787,0.007779,10.6
CANDIDATE,0.800263219,170.5,0.729,0.011898,13.2
CANDIDATE,441.17369,702.0,14.82,0.024204,11.5
CANDIDATE,19.2532128,219.3,1.674,0.013663,7.4
CANDIDATE,14.1011023,108.2,4.513,0.0096,8.1
CANDIDATE,1.817079849,204.6,0.889,0.013225,10.8
CANDIDATE,5.15998178,412.4,3.356,0.326958,9.9
CANDIDATE,23.3787733,76.0,6.76,0.008025,8.1
CANDIDATE,15.09984259,484.8,0.222,0.057838,6.7
CANDIDATE,15.3416245,269.6,2.126,0.014618,9.2
CANDIDATE,21.980467,96.0,4.78,0.009047,10.1
CANDIDATE,7.23524221,60.0,2.685,0.007012,15.2
CANDIDATE,10.72900793,404.3,0.696,0.018606,10.1
CANDIDATE,8.19619768,197.4,2.109,0.014232,9.3
CANDIDATE,5.215752,46.8,1.13,0.00678,5.1
CANDIDATE,10.0714369,49.5,6.891,0.00645,10.8
CANDIDATE,4.37198905,103.7,2.177,0.009309,9.9
CANDIDATE,6.72876606,117.4,2.277,0.010286,7.8
CANDIDATE,3.09383248,373.7,1.576,0.017764,9.7
CANDIDATE,14.05652256,23791.335898271922,2.56,0.28364628616454735,259.8950005434192
CANDIDATE,315.07717192,23791.335898271922,10.31,0.28364628616454735,259.8950005434192
CANDIDATE,8.0018897,102.7,3.425,0.009431,9.8
CANDIDATE,383.85362,422.9,9.76,0.019659,7.5
CANDIDATE,2.564012541,2551.9,0.9433,0.046631,5.3
CANDIDATE,5.21395046,78.5,3.188,0.008015,8.6
CANDIDATE,24.996068,621.7,5.623,0.023016,9.4
CANDIDATE,8.9429645,233.5,1.803,0.013687,7.2
CANDIDATE,2.405625303,163.5,0.6283,0.012218,12.0
CANDIDATE,0.7735301,185.4,1.335,0.012694,14.2
CANDIDATE,2.42186898,23791.335898271922,6.22,0.28364628616454735,259.8950005434192
CANDIDATE,0.839907158,119.6,1.019,0.009904,10.7
CANDIDATE,1.7613778,359.3,1.355,0.017585,10.5
CANDIDATE,11.7728146,77.1,4.132,0.008052,9.9
CANDIDATE,2.46506501,39.8,6.218,0.006079,10.3
CANDIDATE,1.758599866,237.8,0.2729,0.020185,11.9
CANDIDATE,14.1573717,130.0,3.786,0.010471,9.3
CANDIDATE,1.291964282,28640.0,1.8378,0.157434,45.8
CANDIDATE,37.4646974,51.6,4.954,0.006627,10.3
CANDIDATE,6.31915999,34.4,3.465,0.005591,9.8
CANDIDATE,2.58393841,49.4,2.169,0.006485,8.5
CANDIDATE,6.5595368,26.3,4.324,0.004742,10.1
CANDIDATE,31.5322987,106.4,3.49,0.00923,7.8
CANDIDATE,14.7510068,381.1,2.25,0.019469,9.5
CANDIDATE,54.54312996,23791.335898271922,7.03,0.28364628616454735,259.8950005434192
CANDIDATE,12.9284553,297.9,2.49,0.015708,8.2
CANDIDATE,4.02018903,18.5,3.616,0.004022,14.4
CANDIDATE,3.33930957,91.3,2.597,0.010966,10.7
CANDIDATE,4.29251656,249.5,4.254,0.034481,11.0
CANDIDATE,4.98792404,346.2,1.618,0.016879,9.7
CANDIDATE,5.68325648,44.6,1.778,0.006922,10.0
CANDIDATE,91.649983,193.6,10.294,0.012908,8.7
CANDIDATE,541.742985,1038.6,10.47,0.029681,25.9
CANDIDATE,44.113873,196.3,3.956,0.01296,6.6
CANDIDATE,482.62011,324.0,12.86,0.016595,8.1
CANDIDATE,10.1551587,141.6,1.802,0.010784,6.8
CANDIDATE,0.708965461,87.2,3.946,0.008974,13.1
CANDIDATE,11.76872507,23791.335898271922,1.11,0.28364628616454735,259.8950005434192
CANDIDATE,608.20572,554.2,13.63,0.02065,11.3
CANDIDATE,7.2274321,173.3,4.967,0.012051,9.2
CANDIDATE,91.069934,12.7,17.33,0.003433,8.7
CANDIDATE,366.088938,537.9,11.887,0.024943,29.0
CANDIDATE,414.45008,729.5,19.15,0.03813,19.0
CANDIDATE,5.43103616,66.8,2.469,0.008369,10.8
CANDIDATE,328.32211,399.0,13.53,0.017786,8.2
CANDIDATE,381.97977,900.0,15.7,0.027038,10.4
CANDIDATE,67.412998,126.1,9.1,0.010613,6.2
CANDIDATE,359.8249913,23791.335898271922,5.22,0.28364628616454735,259.8950005434192
CANDIDATE,0.694611128,98.8,1.115,0.008866,9.3
CANDIDATE,7.4751841,28.1,5.166,0.004866,9.2
CANDIDATE,1.04347858,22.5,2.012,0.004461,8.6
CANDIDATE,382.5891,298.2,11.7,0.015918,10.5
CANDIDATE,392.601892,779.0,3.21,0.027389,7.8
CANDIDATE,260.446151,713.9,9.314,0.029827,16.8
CANDIDATE,87.487573,528.7,5.881,0.020983,8.4
CANDIDATE,11.9451376,63.3,6.893,0.007296,12.4
CANDIDATE,277.13367,321.2,9.67,0.017367,8.7
CANDIDATE,5.0487451,67.6,4.007,0.007408,7.7
CANDIDATE,122.11555,1104.0,16.07,0.030306,12.2
CANDIDATE,225.48805,379.9,19.46,0.019945,11.6
CANDIDATE,578.88761,76.8,18.521,0.008083,15.1
CANDIDATE,218.771117,140.1,3.201,0.015155,8.4
CANDIDATE,277.25118,1517.4,8.742,0.043832,15.3
CANDIDATE,67.176626864,1689.9,3.1147,0.284515,5.9
CANDIDATE,0.93420696,23791.335898271922,3.5,0.28364628616454735,259.8950005434192
CANDIDATE,359.33831,977.9,18.566,0.028296,15.8
CANDIDATE,0.933745798,613.8,6.447,0.029106,75.3
CANDIDATE,293.38641,94.9,15.23,0.009232,13.4
CANDIDATE,66.716453,626.0,3.855,0.023494,8.1
CANDIDATE,34.573718512,399.0,2.1742,0.017559,5.7
CANDIDATE,54.753883835,442.3,2.0865,0.019303,0.9
CANDIDATE,189.183958,1014.0,6.829,0.03089,11.2
CANDIDATE,495.662346,675.7,4.428,0.030468,10.2
CANDIDATE,7.7529342,72.1,5.072,0.007937,9.2
CANDIDATE,254.336707,398.4,8.585,0.019676,11.3
CANDIDATE,490.63941,268.8,16.5,0.014583,9.6
CANDIDATE,331.55459,288.7,5.35,0.015518,6.7
CANDIDATE,425.64971,171.2,11.07,0.012108,7.6
CANDIDATE,395.13138,126.4,21.291,0.010265,14.4
CANDIDATE,0.770658979,83.5,1.401,0.00842,11.7
CANDIDATE,4.6318914,50.9,3.88,0.006618,9.2
CANDIDATE,362.13187,849.0,5.59,0.026624,8.2
CANDIDATE,29.4856392,105.0,4.27,0.009501,9.3
CANDIDATE,3.65034525,253.2,1.527,0.014576,6.0
CANDIDATE,43.9438891,154.8,5.26,0.011749,9.7
CANDIDATE,309.191789,122.8,11.392,0.010221,10.5
CANDIDATE,400.11482,113.4,12.37,0.009579,6.7
CANDIDATE,1.12625975,23791.335898271922,3.62,0.28364628616454735,259.8950005434192
CANDIDATE,377.67241,514.8,15.82,0.020414,10.2
CANDIDATE,242.0367,333.3,11.01,0.017318,8.9
CANDIDATE,502.25648,153.2,14.84,0.011277,8.1
CANDIDATE,10.7781558,121.3,3.005,0.010138,7.9
CANDIDATE,384.37706,1204.9,15.139,0.038788,22.6
CANDIDATE,302.34971,622.3,4.978,0.022799,8.0
CANDIDATE,9.4609418,47.5,4.888,0.006322,7.9
CANDIDATE,402.27493,294.5,15.67,0.016636,11.1
CANDIDATE,22.6432436,550.4,0.806,0.02176,8.2
CANDIDATE,275.5603,89.4,15.09,0.008649,11.5
CANDIDATE,188.881049,325.8,1.49,0.01702,12.9
CANDIDATE,379.67276,253.9,9.662,0.014816,7.9
CANDIDATE,278.38935,262.8,10.43,0.014366,11.2
CANDIDATE,7.8687123,89.1,3.739,0.009353,9.1
CANDIDATE,9.9105786,99.5,5.945,0.010162,9.2
CANDIDATE,43.9088053,297.8,6.265,0.01559,13.7
CANDIDATE,364.98242,533.0,12.346,0.025568,13.1
CANDIDATE,0.58730021,23791.335898271922,0.82,0.28364628616454735,259.8950005434192
CANDIDATE,280.55544,401.4,12.757,0.018404,9.3
CANDIDATE,4.40660737,70.7,2.107,0.007846,8.1
CANDIDATE,353.01861,375.1,15.583,0.017844,14.9
CANDIDATE,370.98253,552.3,17.84,0.67395,15.7
CANDIDATE,338.00692,544.3,16.745,0.02127,15.3
CANDIDATE,432.42787,110.3,19.63,0.010304,6.0
CANDIDATE,1.001916708,70.9,1.256,0.007686,8.3
CANDIDATE,0.862329309,140.9,1.044,0.011096,10.8
CANDIDATE,432.96905,257.9,20.76,0.014757,8.1
CANDIDATE,372.15035,457.4,21.23,0.019654,12.3
CANDIDATE,405.35457,545.6,10.778,0.021319,10.2
CANDIDATE,9.4640413,209.9,6.999,0.013265,9.4
CANDIDATE,389.875816,2134.0,3.336,0.043549,8.9
CANDIDATE,385.858683,548.4,12.071,0.024721,21.2
CANDIDATE,0.757261281,36.5,0.905,0.005586,10.2
CANDIDATE,367.0896,2092.3,28.02,0.293859,27.7
CANDIDATE,66.67305,472.1,6.381,0.020354,9.6
CANDIDATE,295.06066,72.2,16.18,0.007668,10.4
CANDIDATE,191.03728,1607.0,3.595,0.036001,7.0
CANDIDATE,71.10684,128.4,6.933,0.010631,10.5
CANDIDATE,77.177672,318.6,2.312,0.015796,8.0
CANDIDATE,0.805941833,3180.4,1.4432,0.406837,55.4
CANDIDATE,8.2766028,73.1,4.834,0.008249,10.0
CANDIDATE,185.97534,54.5,8.744,0.006941,2.6
CANDIDATE,5.8877038,39.7,4.009,0.005785,9.3
CANDIDATE,1.98514635,233.4,1.625,0.013873,11.0
CANDIDATE,1.33199285,23791.335898271922,4.33,0.28364628616454735,259.8950005434192
CANDIDATE,5.82561701,142.8,3.246,0.011488,9.2
CANDIDATE,419.2615,287.8,21.53,0.01597,10.1
CANDIDATE,141.400279,790.1,3.031,0.025526,12.9
CANDIDATE,229.957537,400.0,7.59,0.194908,10.2
CANDIDATE,7.2681817,46.7,4.985,0.006856,9.7
CANDIDATE,376.37989,1140.0,13.99,0.031308,13.3
CANDIDATE,367.947848,1301.0,4.249,0.039795,10.7
CANDIDATE,1.73984941,48.5,3.114,0.006379,10.6
CANDIDATE,333.486169,639.1,3.199,0.02259,14.0
